--
-- PostgreSQL database dump
--

\restrict FOwWYAdFL2gAVEDwpb22sCr9AZm0nKW4nVUvsCtOvchOhe8624ld2UPn0tGQzqo

-- Dumped from database version 17.6
-- Dumped by pg_dump version 18.2

SET statement_timeout = 0;
SET lock_timeout = 0;
SET idle_in_transaction_session_timeout = 0;
SET transaction_timeout = 0;
SET client_encoding = 'UTF8';
SET standard_conforming_strings = on;
SELECT pg_catalog.set_config('search_path', '', false);
SET check_function_bodies = false;
SET xmloption = content;
SET client_min_messages = warning;
SET row_security = off;

--
-- Name: auth; Type: SCHEMA; Schema: -; Owner: -
--

CREATE SCHEMA auth;


--
-- Name: extensions; Type: SCHEMA; Schema: -; Owner: -
--

CREATE SCHEMA extensions;


--
-- Name: graphql; Type: SCHEMA; Schema: -; Owner: -
--

CREATE SCHEMA graphql;


--
-- Name: graphql_public; Type: SCHEMA; Schema: -; Owner: -
--

CREATE SCHEMA graphql_public;


--
-- Name: pgbouncer; Type: SCHEMA; Schema: -; Owner: -
--

CREATE SCHEMA pgbouncer;


--
-- Name: realtime; Type: SCHEMA; Schema: -; Owner: -
--

CREATE SCHEMA realtime;


--
-- Name: storage; Type: SCHEMA; Schema: -; Owner: -
--

CREATE SCHEMA storage;


--
-- Name: vault; Type: SCHEMA; Schema: -; Owner: -
--

CREATE SCHEMA vault;


--
-- Name: pg_graphql; Type: EXTENSION; Schema: -; Owner: -
--

CREATE EXTENSION IF NOT EXISTS pg_graphql WITH SCHEMA graphql;


--
-- Name: EXTENSION pg_graphql; Type: COMMENT; Schema: -; Owner: -
--

COMMENT ON EXTENSION pg_graphql IS 'pg_graphql: GraphQL support';


--
-- Name: pg_stat_statements; Type: EXTENSION; Schema: -; Owner: -
--

CREATE EXTENSION IF NOT EXISTS pg_stat_statements WITH SCHEMA extensions;


--
-- Name: EXTENSION pg_stat_statements; Type: COMMENT; Schema: -; Owner: -
--

COMMENT ON EXTENSION pg_stat_statements IS 'track planning and execution statistics of all SQL statements executed';


--
-- Name: pgcrypto; Type: EXTENSION; Schema: -; Owner: -
--

CREATE EXTENSION IF NOT EXISTS pgcrypto WITH SCHEMA extensions;


--
-- Name: EXTENSION pgcrypto; Type: COMMENT; Schema: -; Owner: -
--

COMMENT ON EXTENSION pgcrypto IS 'cryptographic functions';


--
-- Name: supabase_vault; Type: EXTENSION; Schema: -; Owner: -
--

CREATE EXTENSION IF NOT EXISTS supabase_vault WITH SCHEMA vault;


--
-- Name: EXTENSION supabase_vault; Type: COMMENT; Schema: -; Owner: -
--

COMMENT ON EXTENSION supabase_vault IS 'Supabase Vault Extension';


--
-- Name: uuid-ossp; Type: EXTENSION; Schema: -; Owner: -
--

CREATE EXTENSION IF NOT EXISTS "uuid-ossp" WITH SCHEMA extensions;


--
-- Name: EXTENSION "uuid-ossp"; Type: COMMENT; Schema: -; Owner: -
--

COMMENT ON EXTENSION "uuid-ossp" IS 'generate universally unique identifiers (UUIDs)';


--
-- Name: aal_level; Type: TYPE; Schema: auth; Owner: -
--

CREATE TYPE auth.aal_level AS ENUM (
    'aal1',
    'aal2',
    'aal3'
);


--
-- Name: code_challenge_method; Type: TYPE; Schema: auth; Owner: -
--

CREATE TYPE auth.code_challenge_method AS ENUM (
    's256',
    'plain'
);


--
-- Name: factor_status; Type: TYPE; Schema: auth; Owner: -
--

CREATE TYPE auth.factor_status AS ENUM (
    'unverified',
    'verified'
);


--
-- Name: factor_type; Type: TYPE; Schema: auth; Owner: -
--

CREATE TYPE auth.factor_type AS ENUM (
    'totp',
    'webauthn',
    'phone'
);


--
-- Name: oauth_authorization_status; Type: TYPE; Schema: auth; Owner: -
--

CREATE TYPE auth.oauth_authorization_status AS ENUM (
    'pending',
    'approved',
    'denied',
    'expired'
);


--
-- Name: oauth_client_type; Type: TYPE; Schema: auth; Owner: -
--

CREATE TYPE auth.oauth_client_type AS ENUM (
    'public',
    'confidential'
);


--
-- Name: oauth_registration_type; Type: TYPE; Schema: auth; Owner: -
--

CREATE TYPE auth.oauth_registration_type AS ENUM (
    'dynamic',
    'manual'
);


--
-- Name: oauth_response_type; Type: TYPE; Schema: auth; Owner: -
--

CREATE TYPE auth.oauth_response_type AS ENUM (
    'code'
);


--
-- Name: one_time_token_type; Type: TYPE; Schema: auth; Owner: -
--

CREATE TYPE auth.one_time_token_type AS ENUM (
    'confirmation_token',
    'reauthentication_token',
    'recovery_token',
    'email_change_token_new',
    'email_change_token_current',
    'phone_change_token'
);


--
-- Name: action; Type: TYPE; Schema: realtime; Owner: -
--

CREATE TYPE realtime.action AS ENUM (
    'INSERT',
    'UPDATE',
    'DELETE',
    'TRUNCATE',
    'ERROR'
);


--
-- Name: equality_op; Type: TYPE; Schema: realtime; Owner: -
--

CREATE TYPE realtime.equality_op AS ENUM (
    'eq',
    'neq',
    'lt',
    'lte',
    'gt',
    'gte',
    'in'
);


--
-- Name: user_defined_filter; Type: TYPE; Schema: realtime; Owner: -
--

CREATE TYPE realtime.user_defined_filter AS (
	column_name text,
	op realtime.equality_op,
	value text
);


--
-- Name: wal_column; Type: TYPE; Schema: realtime; Owner: -
--

CREATE TYPE realtime.wal_column AS (
	name text,
	type_name text,
	type_oid oid,
	value jsonb,
	is_pkey boolean,
	is_selectable boolean
);


--
-- Name: wal_rls; Type: TYPE; Schema: realtime; Owner: -
--

CREATE TYPE realtime.wal_rls AS (
	wal jsonb,
	is_rls_enabled boolean,
	subscription_ids uuid[],
	errors text[]
);


--
-- Name: buckettype; Type: TYPE; Schema: storage; Owner: -
--

CREATE TYPE storage.buckettype AS ENUM (
    'STANDARD',
    'ANALYTICS',
    'VECTOR'
);


--
-- Name: email(); Type: FUNCTION; Schema: auth; Owner: -
--

CREATE FUNCTION auth.email() RETURNS text
    LANGUAGE sql STABLE
    AS $$
  select 
  coalesce(
    nullif(current_setting('request.jwt.claim.email', true), ''),
    (nullif(current_setting('request.jwt.claims', true), '')::jsonb ->> 'email')
  )::text
$$;


--
-- Name: FUNCTION email(); Type: COMMENT; Schema: auth; Owner: -
--

COMMENT ON FUNCTION auth.email() IS 'Deprecated. Use auth.jwt() -> ''email'' instead.';


--
-- Name: jwt(); Type: FUNCTION; Schema: auth; Owner: -
--

CREATE FUNCTION auth.jwt() RETURNS jsonb
    LANGUAGE sql STABLE
    AS $$
  select 
    coalesce(
        nullif(current_setting('request.jwt.claim', true), ''),
        nullif(current_setting('request.jwt.claims', true), '')
    )::jsonb
$$;


--
-- Name: role(); Type: FUNCTION; Schema: auth; Owner: -
--

CREATE FUNCTION auth.role() RETURNS text
    LANGUAGE sql STABLE
    AS $$
  select 
  coalesce(
    nullif(current_setting('request.jwt.claim.role', true), ''),
    (nullif(current_setting('request.jwt.claims', true), '')::jsonb ->> 'role')
  )::text
$$;


--
-- Name: FUNCTION role(); Type: COMMENT; Schema: auth; Owner: -
--

COMMENT ON FUNCTION auth.role() IS 'Deprecated. Use auth.jwt() -> ''role'' instead.';


--
-- Name: uid(); Type: FUNCTION; Schema: auth; Owner: -
--

CREATE FUNCTION auth.uid() RETURNS uuid
    LANGUAGE sql STABLE
    AS $$
  select 
  coalesce(
    nullif(current_setting('request.jwt.claim.sub', true), ''),
    (nullif(current_setting('request.jwt.claims', true), '')::jsonb ->> 'sub')
  )::uuid
$$;


--
-- Name: FUNCTION uid(); Type: COMMENT; Schema: auth; Owner: -
--

COMMENT ON FUNCTION auth.uid() IS 'Deprecated. Use auth.jwt() -> ''sub'' instead.';


--
-- Name: grant_pg_cron_access(); Type: FUNCTION; Schema: extensions; Owner: -
--

CREATE FUNCTION extensions.grant_pg_cron_access() RETURNS event_trigger
    LANGUAGE plpgsql
    AS $$
BEGIN
  IF EXISTS (
    SELECT
    FROM pg_event_trigger_ddl_commands() AS ev
    JOIN pg_extension AS ext
    ON ev.objid = ext.oid
    WHERE ext.extname = 'pg_cron'
  )
  THEN
    grant usage on schema cron to postgres with grant option;

    alter default privileges in schema cron grant all on tables to postgres with grant option;
    alter default privileges in schema cron grant all on functions to postgres with grant option;
    alter default privileges in schema cron grant all on sequences to postgres with grant option;

    alter default privileges for user supabase_admin in schema cron grant all
        on sequences to postgres with grant option;
    alter default privileges for user supabase_admin in schema cron grant all
        on tables to postgres with grant option;
    alter default privileges for user supabase_admin in schema cron grant all
        on functions to postgres with grant option;

    grant all privileges on all tables in schema cron to postgres with grant option;
    revoke all on table cron.job from postgres;
    grant select on table cron.job to postgres with grant option;
  END IF;
END;
$$;


--
-- Name: FUNCTION grant_pg_cron_access(); Type: COMMENT; Schema: extensions; Owner: -
--

COMMENT ON FUNCTION extensions.grant_pg_cron_access() IS 'Grants access to pg_cron';


--
-- Name: grant_pg_graphql_access(); Type: FUNCTION; Schema: extensions; Owner: -
--

CREATE FUNCTION extensions.grant_pg_graphql_access() RETURNS event_trigger
    LANGUAGE plpgsql
    AS $_$
DECLARE
    func_is_graphql_resolve bool;
BEGIN
    func_is_graphql_resolve = (
        SELECT n.proname = 'resolve'
        FROM pg_event_trigger_ddl_commands() AS ev
        LEFT JOIN pg_catalog.pg_proc AS n
        ON ev.objid = n.oid
    );

    IF func_is_graphql_resolve
    THEN
        -- Update public wrapper to pass all arguments through to the pg_graphql resolve func
        DROP FUNCTION IF EXISTS graphql_public.graphql;
        create or replace function graphql_public.graphql(
            "operationName" text default null,
            query text default null,
            variables jsonb default null,
            extensions jsonb default null
        )
            returns jsonb
            language sql
        as $$
            select graphql.resolve(
                query := query,
                variables := coalesce(variables, '{}'),
                "operationName" := "operationName",
                extensions := extensions
            );
        $$;

        -- This hook executes when `graphql.resolve` is created. That is not necessarily the last
        -- function in the extension so we need to grant permissions on existing entities AND
        -- update default permissions to any others that are created after `graphql.resolve`
        grant usage on schema graphql to postgres, anon, authenticated, service_role;
        grant select on all tables in schema graphql to postgres, anon, authenticated, service_role;
        grant execute on all functions in schema graphql to postgres, anon, authenticated, service_role;
        grant all on all sequences in schema graphql to postgres, anon, authenticated, service_role;
        alter default privileges in schema graphql grant all on tables to postgres, anon, authenticated, service_role;
        alter default privileges in schema graphql grant all on functions to postgres, anon, authenticated, service_role;
        alter default privileges in schema graphql grant all on sequences to postgres, anon, authenticated, service_role;

        -- Allow postgres role to allow granting usage on graphql and graphql_public schemas to custom roles
        grant usage on schema graphql_public to postgres with grant option;
        grant usage on schema graphql to postgres with grant option;
    END IF;

END;
$_$;


--
-- Name: FUNCTION grant_pg_graphql_access(); Type: COMMENT; Schema: extensions; Owner: -
--

COMMENT ON FUNCTION extensions.grant_pg_graphql_access() IS 'Grants access to pg_graphql';


--
-- Name: grant_pg_net_access(); Type: FUNCTION; Schema: extensions; Owner: -
--

CREATE FUNCTION extensions.grant_pg_net_access() RETURNS event_trigger
    LANGUAGE plpgsql
    AS $$
BEGIN
  IF EXISTS (
    SELECT 1
    FROM pg_event_trigger_ddl_commands() AS ev
    JOIN pg_extension AS ext
    ON ev.objid = ext.oid
    WHERE ext.extname = 'pg_net'
  )
  THEN
    IF NOT EXISTS (
      SELECT 1
      FROM pg_roles
      WHERE rolname = 'supabase_functions_admin'
    )
    THEN
      CREATE USER supabase_functions_admin NOINHERIT CREATEROLE LOGIN NOREPLICATION;
    END IF;

    GRANT USAGE ON SCHEMA net TO supabase_functions_admin, postgres, anon, authenticated, service_role;

    IF EXISTS (
      SELECT FROM pg_extension
      WHERE extname = 'pg_net'
      -- all versions in use on existing projects as of 2025-02-20
      -- version 0.12.0 onwards don't need these applied
      AND extversion IN ('0.2', '0.6', '0.7', '0.7.1', '0.8', '0.10.0', '0.11.0')
    ) THEN
      ALTER function net.http_get(url text, params jsonb, headers jsonb, timeout_milliseconds integer) SECURITY DEFINER;
      ALTER function net.http_post(url text, body jsonb, params jsonb, headers jsonb, timeout_milliseconds integer) SECURITY DEFINER;

      ALTER function net.http_get(url text, params jsonb, headers jsonb, timeout_milliseconds integer) SET search_path = net;
      ALTER function net.http_post(url text, body jsonb, params jsonb, headers jsonb, timeout_milliseconds integer) SET search_path = net;

      REVOKE ALL ON FUNCTION net.http_get(url text, params jsonb, headers jsonb, timeout_milliseconds integer) FROM PUBLIC;
      REVOKE ALL ON FUNCTION net.http_post(url text, body jsonb, params jsonb, headers jsonb, timeout_milliseconds integer) FROM PUBLIC;

      GRANT EXECUTE ON FUNCTION net.http_get(url text, params jsonb, headers jsonb, timeout_milliseconds integer) TO supabase_functions_admin, postgres, anon, authenticated, service_role;
      GRANT EXECUTE ON FUNCTION net.http_post(url text, body jsonb, params jsonb, headers jsonb, timeout_milliseconds integer) TO supabase_functions_admin, postgres, anon, authenticated, service_role;
    END IF;
  END IF;
END;
$$;


--
-- Name: FUNCTION grant_pg_net_access(); Type: COMMENT; Schema: extensions; Owner: -
--

COMMENT ON FUNCTION extensions.grant_pg_net_access() IS 'Grants access to pg_net';


--
-- Name: pgrst_ddl_watch(); Type: FUNCTION; Schema: extensions; Owner: -
--

CREATE FUNCTION extensions.pgrst_ddl_watch() RETURNS event_trigger
    LANGUAGE plpgsql
    AS $$
DECLARE
  cmd record;
BEGIN
  FOR cmd IN SELECT * FROM pg_event_trigger_ddl_commands()
  LOOP
    IF cmd.command_tag IN (
      'CREATE SCHEMA', 'ALTER SCHEMA'
    , 'CREATE TABLE', 'CREATE TABLE AS', 'SELECT INTO', 'ALTER TABLE'
    , 'CREATE FOREIGN TABLE', 'ALTER FOREIGN TABLE'
    , 'CREATE VIEW', 'ALTER VIEW'
    , 'CREATE MATERIALIZED VIEW', 'ALTER MATERIALIZED VIEW'
    , 'CREATE FUNCTION', 'ALTER FUNCTION'
    , 'CREATE TRIGGER'
    , 'CREATE TYPE', 'ALTER TYPE'
    , 'CREATE RULE'
    , 'COMMENT'
    )
    -- don't notify in case of CREATE TEMP table or other objects created on pg_temp
    AND cmd.schema_name is distinct from 'pg_temp'
    THEN
      NOTIFY pgrst, 'reload schema';
    END IF;
  END LOOP;
END; $$;


--
-- Name: pgrst_drop_watch(); Type: FUNCTION; Schema: extensions; Owner: -
--

CREATE FUNCTION extensions.pgrst_drop_watch() RETURNS event_trigger
    LANGUAGE plpgsql
    AS $$
DECLARE
  obj record;
BEGIN
  FOR obj IN SELECT * FROM pg_event_trigger_dropped_objects()
  LOOP
    IF obj.object_type IN (
      'schema'
    , 'table'
    , 'foreign table'
    , 'view'
    , 'materialized view'
    , 'function'
    , 'trigger'
    , 'type'
    , 'rule'
    )
    AND obj.is_temporary IS false -- no pg_temp objects
    THEN
      NOTIFY pgrst, 'reload schema';
    END IF;
  END LOOP;
END; $$;


--
-- Name: set_graphql_placeholder(); Type: FUNCTION; Schema: extensions; Owner: -
--

CREATE FUNCTION extensions.set_graphql_placeholder() RETURNS event_trigger
    LANGUAGE plpgsql
    AS $_$
    DECLARE
    graphql_is_dropped bool;
    BEGIN
    graphql_is_dropped = (
        SELECT ev.schema_name = 'graphql_public'
        FROM pg_event_trigger_dropped_objects() AS ev
        WHERE ev.schema_name = 'graphql_public'
    );

    IF graphql_is_dropped
    THEN
        create or replace function graphql_public.graphql(
            "operationName" text default null,
            query text default null,
            variables jsonb default null,
            extensions jsonb default null
        )
            returns jsonb
            language plpgsql
        as $$
            DECLARE
                server_version float;
            BEGIN
                server_version = (SELECT (SPLIT_PART((select version()), ' ', 2))::float);

                IF server_version >= 14 THEN
                    RETURN jsonb_build_object(
                        'errors', jsonb_build_array(
                            jsonb_build_object(
                                'message', 'pg_graphql extension is not enabled.'
                            )
                        )
                    );
                ELSE
                    RETURN jsonb_build_object(
                        'errors', jsonb_build_array(
                            jsonb_build_object(
                                'message', 'pg_graphql is only available on projects running Postgres 14 onwards.'
                            )
                        )
                    );
                END IF;
            END;
        $$;
    END IF;

    END;
$_$;


--
-- Name: FUNCTION set_graphql_placeholder(); Type: COMMENT; Schema: extensions; Owner: -
--

COMMENT ON FUNCTION extensions.set_graphql_placeholder() IS 'Reintroduces placeholder function for graphql_public.graphql';


--
-- Name: get_auth(text); Type: FUNCTION; Schema: pgbouncer; Owner: -
--

CREATE FUNCTION pgbouncer.get_auth(p_usename text) RETURNS TABLE(username text, password text)
    LANGUAGE plpgsql SECURITY DEFINER
    SET search_path TO ''
    AS $_$
  BEGIN
      RAISE DEBUG 'PgBouncer auth request: %', p_usename;

      RETURN QUERY
      SELECT
          rolname::text,
          CASE WHEN rolvaliduntil < now()
              THEN null
              ELSE rolpassword::text
          END
      FROM pg_authid
      WHERE rolname=$1 and rolcanlogin;
  END;
  $_$;


--
-- Name: set_updated_at(); Type: FUNCTION; Schema: public; Owner: -
--

CREATE FUNCTION public.set_updated_at() RETURNS trigger
    LANGUAGE plpgsql
    AS $$
        begin
          new.updated_at = now();
          return new;
        end;
        $$;


--
-- Name: apply_rls(jsonb, integer); Type: FUNCTION; Schema: realtime; Owner: -
--

CREATE FUNCTION realtime.apply_rls(wal jsonb, max_record_bytes integer DEFAULT (1024 * 1024)) RETURNS SETOF realtime.wal_rls
    LANGUAGE plpgsql
    AS $$
declare
-- Regclass of the table e.g. public.notes
entity_ regclass = (quote_ident(wal ->> 'schema') || '.' || quote_ident(wal ->> 'table'))::regclass;

-- I, U, D, T: insert, update ...
action realtime.action = (
    case wal ->> 'action'
        when 'I' then 'INSERT'
        when 'U' then 'UPDATE'
        when 'D' then 'DELETE'
        else 'ERROR'
    end
);

-- Is row level security enabled for the table
is_rls_enabled bool = relrowsecurity from pg_class where oid = entity_;

subscriptions realtime.subscription[] = array_agg(subs)
    from
        realtime.subscription subs
    where
        subs.entity = entity_
        -- Filter by action early - only get subscriptions interested in this action
        -- action_filter column can be: '*' (all), 'INSERT', 'UPDATE', or 'DELETE'
        and (subs.action_filter = '*' or subs.action_filter = action::text);

-- Subscription vars
roles regrole[] = array_agg(distinct us.claims_role::text)
    from
        unnest(subscriptions) us;

working_role regrole;
claimed_role regrole;
claims jsonb;

subscription_id uuid;
subscription_has_access bool;
visible_to_subscription_ids uuid[] = '{}';

-- structured info for wal's columns
columns realtime.wal_column[];
-- previous identity values for update/delete
old_columns realtime.wal_column[];

error_record_exceeds_max_size boolean = octet_length(wal::text) > max_record_bytes;

-- Primary jsonb output for record
output jsonb;

begin
perform set_config('role', null, true);

columns =
    array_agg(
        (
            x->>'name',
            x->>'type',
            x->>'typeoid',
            realtime.cast(
                (x->'value') #>> '{}',
                coalesce(
                    (x->>'typeoid')::regtype, -- null when wal2json version <= 2.4
                    (x->>'type')::regtype
                )
            ),
            (pks ->> 'name') is not null,
            true
        )::realtime.wal_column
    )
    from
        jsonb_array_elements(wal -> 'columns') x
        left join jsonb_array_elements(wal -> 'pk') pks
            on (x ->> 'name') = (pks ->> 'name');

old_columns =
    array_agg(
        (
            x->>'name',
            x->>'type',
            x->>'typeoid',
            realtime.cast(
                (x->'value') #>> '{}',
                coalesce(
                    (x->>'typeoid')::regtype, -- null when wal2json version <= 2.4
                    (x->>'type')::regtype
                )
            ),
            (pks ->> 'name') is not null,
            true
        )::realtime.wal_column
    )
    from
        jsonb_array_elements(wal -> 'identity') x
        left join jsonb_array_elements(wal -> 'pk') pks
            on (x ->> 'name') = (pks ->> 'name');

for working_role in select * from unnest(roles) loop

    -- Update `is_selectable` for columns and old_columns
    columns =
        array_agg(
            (
                c.name,
                c.type_name,
                c.type_oid,
                c.value,
                c.is_pkey,
                pg_catalog.has_column_privilege(working_role, entity_, c.name, 'SELECT')
            )::realtime.wal_column
        )
        from
            unnest(columns) c;

    old_columns =
            array_agg(
                (
                    c.name,
                    c.type_name,
                    c.type_oid,
                    c.value,
                    c.is_pkey,
                    pg_catalog.has_column_privilege(working_role, entity_, c.name, 'SELECT')
                )::realtime.wal_column
            )
            from
                unnest(old_columns) c;

    if action <> 'DELETE' and count(1) = 0 from unnest(columns) c where c.is_pkey then
        return next (
            jsonb_build_object(
                'schema', wal ->> 'schema',
                'table', wal ->> 'table',
                'type', action
            ),
            is_rls_enabled,
            -- subscriptions is already filtered by entity
            (select array_agg(s.subscription_id) from unnest(subscriptions) as s where claims_role = working_role),
            array['Error 400: Bad Request, no primary key']
        )::realtime.wal_rls;

    -- The claims role does not have SELECT permission to the primary key of entity
    elsif action <> 'DELETE' and sum(c.is_selectable::int) <> count(1) from unnest(columns) c where c.is_pkey then
        return next (
            jsonb_build_object(
                'schema', wal ->> 'schema',
                'table', wal ->> 'table',
                'type', action
            ),
            is_rls_enabled,
            (select array_agg(s.subscription_id) from unnest(subscriptions) as s where claims_role = working_role),
            array['Error 401: Unauthorized']
        )::realtime.wal_rls;

    else
        output = jsonb_build_object(
            'schema', wal ->> 'schema',
            'table', wal ->> 'table',
            'type', action,
            'commit_timestamp', to_char(
                ((wal ->> 'timestamp')::timestamptz at time zone 'utc'),
                'YYYY-MM-DD"T"HH24:MI:SS.MS"Z"'
            ),
            'columns', (
                select
                    jsonb_agg(
                        jsonb_build_object(
                            'name', pa.attname,
                            'type', pt.typname
                        )
                        order by pa.attnum asc
                    )
                from
                    pg_attribute pa
                    join pg_type pt
                        on pa.atttypid = pt.oid
                where
                    attrelid = entity_
                    and attnum > 0
                    and pg_catalog.has_column_privilege(working_role, entity_, pa.attname, 'SELECT')
            )
        )
        -- Add "record" key for insert and update
        || case
            when action in ('INSERT', 'UPDATE') then
                jsonb_build_object(
                    'record',
                    (
                        select
                            jsonb_object_agg(
                                -- if unchanged toast, get column name and value from old record
                                coalesce((c).name, (oc).name),
                                case
                                    when (c).name is null then (oc).value
                                    else (c).value
                                end
                            )
                        from
                            unnest(columns) c
                            full outer join unnest(old_columns) oc
                                on (c).name = (oc).name
                        where
                            coalesce((c).is_selectable, (oc).is_selectable)
                            and ( not error_record_exceeds_max_size or (octet_length((c).value::text) <= 64))
                    )
                )
            else '{}'::jsonb
        end
        -- Add "old_record" key for update and delete
        || case
            when action = 'UPDATE' then
                jsonb_build_object(
                        'old_record',
                        (
                            select jsonb_object_agg((c).name, (c).value)
                            from unnest(old_columns) c
                            where
                                (c).is_selectable
                                and ( not error_record_exceeds_max_size or (octet_length((c).value::text) <= 64))
                        )
                    )
            when action = 'DELETE' then
                jsonb_build_object(
                    'old_record',
                    (
                        select jsonb_object_agg((c).name, (c).value)
                        from unnest(old_columns) c
                        where
                            (c).is_selectable
                            and ( not error_record_exceeds_max_size or (octet_length((c).value::text) <= 64))
                            and ( not is_rls_enabled or (c).is_pkey ) -- if RLS enabled, we can't secure deletes so filter to pkey
                    )
                )
            else '{}'::jsonb
        end;

        -- Create the prepared statement
        if is_rls_enabled and action <> 'DELETE' then
            if (select 1 from pg_prepared_statements where name = 'walrus_rls_stmt' limit 1) > 0 then
                deallocate walrus_rls_stmt;
            end if;
            execute realtime.build_prepared_statement_sql('walrus_rls_stmt', entity_, columns);
        end if;

        visible_to_subscription_ids = '{}';

        for subscription_id, claims in (
                select
                    subs.subscription_id,
                    subs.claims
                from
                    unnest(subscriptions) subs
                where
                    subs.entity = entity_
                    and subs.claims_role = working_role
                    and (
                        realtime.is_visible_through_filters(columns, subs.filters)
                        or (
                          action = 'DELETE'
                          and realtime.is_visible_through_filters(old_columns, subs.filters)
                        )
                    )
        ) loop

            if not is_rls_enabled or action = 'DELETE' then
                visible_to_subscription_ids = visible_to_subscription_ids || subscription_id;
            else
                -- Check if RLS allows the role to see the record
                perform
                    -- Trim leading and trailing quotes from working_role because set_config
                    -- doesn't recognize the role as valid if they are included
                    set_config('role', trim(both '"' from working_role::text), true),
                    set_config('request.jwt.claims', claims::text, true);

                execute 'execute walrus_rls_stmt' into subscription_has_access;

                if subscription_has_access then
                    visible_to_subscription_ids = visible_to_subscription_ids || subscription_id;
                end if;
            end if;
        end loop;

        perform set_config('role', null, true);

        return next (
            output,
            is_rls_enabled,
            visible_to_subscription_ids,
            case
                when error_record_exceeds_max_size then array['Error 413: Payload Too Large']
                else '{}'
            end
        )::realtime.wal_rls;

    end if;
end loop;

perform set_config('role', null, true);
end;
$$;


--
-- Name: broadcast_changes(text, text, text, text, text, record, record, text); Type: FUNCTION; Schema: realtime; Owner: -
--

CREATE FUNCTION realtime.broadcast_changes(topic_name text, event_name text, operation text, table_name text, table_schema text, new record, old record, level text DEFAULT 'ROW'::text) RETURNS void
    LANGUAGE plpgsql
    AS $$
DECLARE
    -- Declare a variable to hold the JSONB representation of the row
    row_data jsonb := '{}'::jsonb;
BEGIN
    IF level = 'STATEMENT' THEN
        RAISE EXCEPTION 'function can only be triggered for each row, not for each statement';
    END IF;
    -- Check the operation type and handle accordingly
    IF operation = 'INSERT' OR operation = 'UPDATE' OR operation = 'DELETE' THEN
        row_data := jsonb_build_object('old_record', OLD, 'record', NEW, 'operation', operation, 'table', table_name, 'schema', table_schema);
        PERFORM realtime.send (row_data, event_name, topic_name);
    ELSE
        RAISE EXCEPTION 'Unexpected operation type: %', operation;
    END IF;
EXCEPTION
    WHEN OTHERS THEN
        RAISE EXCEPTION 'Failed to process the row: %', SQLERRM;
END;

$$;


--
-- Name: build_prepared_statement_sql(text, regclass, realtime.wal_column[]); Type: FUNCTION; Schema: realtime; Owner: -
--

CREATE FUNCTION realtime.build_prepared_statement_sql(prepared_statement_name text, entity regclass, columns realtime.wal_column[]) RETURNS text
    LANGUAGE sql
    AS $$
      /*
      Builds a sql string that, if executed, creates a prepared statement to
      tests retrive a row from *entity* by its primary key columns.
      Example
          select realtime.build_prepared_statement_sql('public.notes', '{"id"}'::text[], '{"bigint"}'::text[])
      */
          select
      'prepare ' || prepared_statement_name || ' as
          select
              exists(
                  select
                      1
                  from
                      ' || entity || '
                  where
                      ' || string_agg(quote_ident(pkc.name) || '=' || quote_nullable(pkc.value #>> '{}') , ' and ') || '
              )'
          from
              unnest(columns) pkc
          where
              pkc.is_pkey
          group by
              entity
      $$;


--
-- Name: cast(text, regtype); Type: FUNCTION; Schema: realtime; Owner: -
--

CREATE FUNCTION realtime."cast"(val text, type_ regtype) RETURNS jsonb
    LANGUAGE plpgsql IMMUTABLE
    AS $$
    declare
      res jsonb;
    begin
      execute format('select to_jsonb(%L::'|| type_::text || ')', val)  into res;
      return res;
    end
    $$;


--
-- Name: check_equality_op(realtime.equality_op, regtype, text, text); Type: FUNCTION; Schema: realtime; Owner: -
--

CREATE FUNCTION realtime.check_equality_op(op realtime.equality_op, type_ regtype, val_1 text, val_2 text) RETURNS boolean
    LANGUAGE plpgsql IMMUTABLE
    AS $$
      /*
      Casts *val_1* and *val_2* as type *type_* and check the *op* condition for truthiness
      */
      declare
          op_symbol text = (
              case
                  when op = 'eq' then '='
                  when op = 'neq' then '!='
                  when op = 'lt' then '<'
                  when op = 'lte' then '<='
                  when op = 'gt' then '>'
                  when op = 'gte' then '>='
                  when op = 'in' then '= any'
                  else 'UNKNOWN OP'
              end
          );
          res boolean;
      begin
          execute format(
              'select %L::'|| type_::text || ' ' || op_symbol
              || ' ( %L::'
              || (
                  case
                      when op = 'in' then type_::text || '[]'
                      else type_::text end
              )
              || ')', val_1, val_2) into res;
          return res;
      end;
      $$;


--
-- Name: is_visible_through_filters(realtime.wal_column[], realtime.user_defined_filter[]); Type: FUNCTION; Schema: realtime; Owner: -
--

CREATE FUNCTION realtime.is_visible_through_filters(columns realtime.wal_column[], filters realtime.user_defined_filter[]) RETURNS boolean
    LANGUAGE sql IMMUTABLE
    AS $_$
    /*
    Should the record be visible (true) or filtered out (false) after *filters* are applied
    */
        select
            -- Default to allowed when no filters present
            $2 is null -- no filters. this should not happen because subscriptions has a default
            or array_length($2, 1) is null -- array length of an empty array is null
            or bool_and(
                coalesce(
                    realtime.check_equality_op(
                        op:=f.op,
                        type_:=coalesce(
                            col.type_oid::regtype, -- null when wal2json version <= 2.4
                            col.type_name::regtype
                        ),
                        -- cast jsonb to text
                        val_1:=col.value #>> '{}',
                        val_2:=f.value
                    ),
                    false -- if null, filter does not match
                )
            )
        from
            unnest(filters) f
            join unnest(columns) col
                on f.column_name = col.name;
    $_$;


--
-- Name: list_changes(name, name, integer, integer); Type: FUNCTION; Schema: realtime; Owner: -
--

CREATE FUNCTION realtime.list_changes(publication name, slot_name name, max_changes integer, max_record_bytes integer) RETURNS SETOF realtime.wal_rls
    LANGUAGE sql
    SET log_min_messages TO 'fatal'
    AS $$
      with pub as (
        select
          concat_ws(
            ',',
            case when bool_or(pubinsert) then 'insert' else null end,
            case when bool_or(pubupdate) then 'update' else null end,
            case when bool_or(pubdelete) then 'delete' else null end
          ) as w2j_actions,
          coalesce(
            string_agg(
              realtime.quote_wal2json(format('%I.%I', schemaname, tablename)::regclass),
              ','
            ) filter (where ppt.tablename is not null and ppt.tablename not like '% %'),
            ''
          ) w2j_add_tables
        from
          pg_publication pp
          left join pg_publication_tables ppt
            on pp.pubname = ppt.pubname
        where
          pp.pubname = publication
        group by
          pp.pubname
        limit 1
      ),
      w2j as (
        select
          x.*, pub.w2j_add_tables
        from
          pub,
          pg_logical_slot_get_changes(
            slot_name, null, max_changes,
            'include-pk', 'true',
            'include-transaction', 'false',
            'include-timestamp', 'true',
            'include-type-oids', 'true',
            'format-version', '2',
            'actions', pub.w2j_actions,
            'add-tables', pub.w2j_add_tables
          ) x
      )
      select
        xyz.wal,
        xyz.is_rls_enabled,
        xyz.subscription_ids,
        xyz.errors
      from
        w2j,
        realtime.apply_rls(
          wal := w2j.data::jsonb,
          max_record_bytes := max_record_bytes
        ) xyz(wal, is_rls_enabled, subscription_ids, errors)
      where
        w2j.w2j_add_tables <> ''
        and xyz.subscription_ids[1] is not null
    $$;


--
-- Name: quote_wal2json(regclass); Type: FUNCTION; Schema: realtime; Owner: -
--

CREATE FUNCTION realtime.quote_wal2json(entity regclass) RETURNS text
    LANGUAGE sql IMMUTABLE STRICT
    AS $$
      select
        (
          select string_agg('' || ch,'')
          from unnest(string_to_array(nsp.nspname::text, null)) with ordinality x(ch, idx)
          where
            not (x.idx = 1 and x.ch = '"')
            and not (
              x.idx = array_length(string_to_array(nsp.nspname::text, null), 1)
              and x.ch = '"'
            )
        )
        || '.'
        || (
          select string_agg('' || ch,'')
          from unnest(string_to_array(pc.relname::text, null)) with ordinality x(ch, idx)
          where
            not (x.idx = 1 and x.ch = '"')
            and not (
              x.idx = array_length(string_to_array(nsp.nspname::text, null), 1)
              and x.ch = '"'
            )
          )
      from
        pg_class pc
        join pg_namespace nsp
          on pc.relnamespace = nsp.oid
      where
        pc.oid = entity
    $$;


--
-- Name: send(jsonb, text, text, boolean); Type: FUNCTION; Schema: realtime; Owner: -
--

CREATE FUNCTION realtime.send(payload jsonb, event text, topic text, private boolean DEFAULT true) RETURNS void
    LANGUAGE plpgsql
    AS $$
DECLARE
  generated_id uuid;
  final_payload jsonb;
BEGIN
  BEGIN
    -- Generate a new UUID for the id
    generated_id := gen_random_uuid();

    -- Check if payload has an 'id' key, if not, add the generated UUID
    IF payload ? 'id' THEN
      final_payload := payload;
    ELSE
      final_payload := jsonb_set(payload, '{id}', to_jsonb(generated_id));
    END IF;

    -- Set the topic configuration
    EXECUTE format('SET LOCAL realtime.topic TO %L', topic);

    -- Attempt to insert the message
    INSERT INTO realtime.messages (id, payload, event, topic, private, extension)
    VALUES (generated_id, final_payload, event, topic, private, 'broadcast');
  EXCEPTION
    WHEN OTHERS THEN
      -- Capture and notify the error
      RAISE WARNING 'ErrorSendingBroadcastMessage: %', SQLERRM;
  END;
END;
$$;


--
-- Name: subscription_check_filters(); Type: FUNCTION; Schema: realtime; Owner: -
--

CREATE FUNCTION realtime.subscription_check_filters() RETURNS trigger
    LANGUAGE plpgsql
    AS $$
    /*
    Validates that the user defined filters for a subscription:
    - refer to valid columns that the claimed role may access
    - values are coercable to the correct column type
    */
    declare
        col_names text[] = coalesce(
                array_agg(c.column_name order by c.ordinal_position),
                '{}'::text[]
            )
            from
                information_schema.columns c
            where
                format('%I.%I', c.table_schema, c.table_name)::regclass = new.entity
                and pg_catalog.has_column_privilege(
                    (new.claims ->> 'role'),
                    format('%I.%I', c.table_schema, c.table_name)::regclass,
                    c.column_name,
                    'SELECT'
                );
        filter realtime.user_defined_filter;
        col_type regtype;

        in_val jsonb;
    begin
        for filter in select * from unnest(new.filters) loop
            -- Filtered column is valid
            if not filter.column_name = any(col_names) then
                raise exception 'invalid column for filter %', filter.column_name;
            end if;

            -- Type is sanitized and safe for string interpolation
            col_type = (
                select atttypid::regtype
                from pg_catalog.pg_attribute
                where attrelid = new.entity
                      and attname = filter.column_name
            );
            if col_type is null then
                raise exception 'failed to lookup type for column %', filter.column_name;
            end if;

            -- Set maximum number of entries for in filter
            if filter.op = 'in'::realtime.equality_op then
                in_val = realtime.cast(filter.value, (col_type::text || '[]')::regtype);
                if coalesce(jsonb_array_length(in_val), 0) > 100 then
                    raise exception 'too many values for `in` filter. Maximum 100';
                end if;
            else
                -- raises an exception if value is not coercable to type
                perform realtime.cast(filter.value, col_type);
            end if;

        end loop;

        -- Apply consistent order to filters so the unique constraint on
        -- (subscription_id, entity, filters) can't be tricked by a different filter order
        new.filters = coalesce(
            array_agg(f order by f.column_name, f.op, f.value),
            '{}'
        ) from unnest(new.filters) f;

        return new;
    end;
    $$;


--
-- Name: to_regrole(text); Type: FUNCTION; Schema: realtime; Owner: -
--

CREATE FUNCTION realtime.to_regrole(role_name text) RETURNS regrole
    LANGUAGE sql IMMUTABLE
    AS $$ select role_name::regrole $$;


--
-- Name: topic(); Type: FUNCTION; Schema: realtime; Owner: -
--

CREATE FUNCTION realtime.topic() RETURNS text
    LANGUAGE sql STABLE
    AS $$
select nullif(current_setting('realtime.topic', true), '')::text;
$$;


--
-- Name: can_insert_object(text, text, uuid, jsonb); Type: FUNCTION; Schema: storage; Owner: -
--

CREATE FUNCTION storage.can_insert_object(bucketid text, name text, owner uuid, metadata jsonb) RETURNS void
    LANGUAGE plpgsql
    AS $$
BEGIN
  INSERT INTO "storage"."objects" ("bucket_id", "name", "owner", "metadata") VALUES (bucketid, name, owner, metadata);
  -- hack to rollback the successful insert
  RAISE sqlstate 'PT200' using
  message = 'ROLLBACK',
  detail = 'rollback successful insert';
END
$$;


--
-- Name: enforce_bucket_name_length(); Type: FUNCTION; Schema: storage; Owner: -
--

CREATE FUNCTION storage.enforce_bucket_name_length() RETURNS trigger
    LANGUAGE plpgsql
    AS $$
begin
    if length(new.name) > 100 then
        raise exception 'bucket name "%" is too long (% characters). Max is 100.', new.name, length(new.name);
    end if;
    return new;
end;
$$;


--
-- Name: extension(text); Type: FUNCTION; Schema: storage; Owner: -
--

CREATE FUNCTION storage.extension(name text) RETURNS text
    LANGUAGE plpgsql
    AS $$
DECLARE
_parts text[];
_filename text;
BEGIN
	select string_to_array(name, '/') into _parts;
	select _parts[array_length(_parts,1)] into _filename;
	-- @todo return the last part instead of 2
	return reverse(split_part(reverse(_filename), '.', 1));
END
$$;


--
-- Name: filename(text); Type: FUNCTION; Schema: storage; Owner: -
--

CREATE FUNCTION storage.filename(name text) RETURNS text
    LANGUAGE plpgsql
    AS $$
DECLARE
_parts text[];
BEGIN
	select string_to_array(name, '/') into _parts;
	return _parts[array_length(_parts,1)];
END
$$;


--
-- Name: foldername(text); Type: FUNCTION; Schema: storage; Owner: -
--

CREATE FUNCTION storage.foldername(name text) RETURNS text[]
    LANGUAGE plpgsql
    AS $$
DECLARE
_parts text[];
BEGIN
	select string_to_array(name, '/') into _parts;
	return _parts[1:array_length(_parts,1)-1];
END
$$;


--
-- Name: get_common_prefix(text, text, text); Type: FUNCTION; Schema: storage; Owner: -
--

CREATE FUNCTION storage.get_common_prefix(p_key text, p_prefix text, p_delimiter text) RETURNS text
    LANGUAGE sql IMMUTABLE
    AS $$
SELECT CASE
    WHEN position(p_delimiter IN substring(p_key FROM length(p_prefix) + 1)) > 0
    THEN left(p_key, length(p_prefix) + position(p_delimiter IN substring(p_key FROM length(p_prefix) + 1)))
    ELSE NULL
END;
$$;


--
-- Name: get_size_by_bucket(); Type: FUNCTION; Schema: storage; Owner: -
--

CREATE FUNCTION storage.get_size_by_bucket() RETURNS TABLE(size bigint, bucket_id text)
    LANGUAGE plpgsql
    AS $$
BEGIN
    return query
        select sum((metadata->>'size')::int) as size, obj.bucket_id
        from "storage".objects as obj
        group by obj.bucket_id;
END
$$;


--
-- Name: list_multipart_uploads_with_delimiter(text, text, text, integer, text, text); Type: FUNCTION; Schema: storage; Owner: -
--

CREATE FUNCTION storage.list_multipart_uploads_with_delimiter(bucket_id text, prefix_param text, delimiter_param text, max_keys integer DEFAULT 100, next_key_token text DEFAULT ''::text, next_upload_token text DEFAULT ''::text) RETURNS TABLE(key text, id text, created_at timestamp with time zone)
    LANGUAGE plpgsql
    AS $_$
BEGIN
    RETURN QUERY EXECUTE
        'SELECT DISTINCT ON(key COLLATE "C") * from (
            SELECT
                CASE
                    WHEN position($2 IN substring(key from length($1) + 1)) > 0 THEN
                        substring(key from 1 for length($1) + position($2 IN substring(key from length($1) + 1)))
                    ELSE
                        key
                END AS key, id, created_at
            FROM
                storage.s3_multipart_uploads
            WHERE
                bucket_id = $5 AND
                key ILIKE $1 || ''%'' AND
                CASE
                    WHEN $4 != '''' AND $6 = '''' THEN
                        CASE
                            WHEN position($2 IN substring(key from length($1) + 1)) > 0 THEN
                                substring(key from 1 for length($1) + position($2 IN substring(key from length($1) + 1))) COLLATE "C" > $4
                            ELSE
                                key COLLATE "C" > $4
                            END
                    ELSE
                        true
                END AND
                CASE
                    WHEN $6 != '''' THEN
                        id COLLATE "C" > $6
                    ELSE
                        true
                    END
            ORDER BY
                key COLLATE "C" ASC, created_at ASC) as e order by key COLLATE "C" LIMIT $3'
        USING prefix_param, delimiter_param, max_keys, next_key_token, bucket_id, next_upload_token;
END;
$_$;


--
-- Name: list_objects_with_delimiter(text, text, text, integer, text, text, text); Type: FUNCTION; Schema: storage; Owner: -
--

CREATE FUNCTION storage.list_objects_with_delimiter(_bucket_id text, prefix_param text, delimiter_param text, max_keys integer DEFAULT 100, start_after text DEFAULT ''::text, next_token text DEFAULT ''::text, sort_order text DEFAULT 'asc'::text) RETURNS TABLE(name text, id uuid, metadata jsonb, updated_at timestamp with time zone, created_at timestamp with time zone, last_accessed_at timestamp with time zone)
    LANGUAGE plpgsql STABLE
    AS $_$
DECLARE
    v_peek_name TEXT;
    v_current RECORD;
    v_common_prefix TEXT;

    -- Configuration
    v_is_asc BOOLEAN;
    v_prefix TEXT;
    v_start TEXT;
    v_upper_bound TEXT;
    v_file_batch_size INT;

    -- Seek state
    v_next_seek TEXT;
    v_count INT := 0;

    -- Dynamic SQL for batch query only
    v_batch_query TEXT;

BEGIN
    -- ========================================================================
    -- INITIALIZATION
    -- ========================================================================
    v_is_asc := lower(coalesce(sort_order, 'asc')) = 'asc';
    v_prefix := coalesce(prefix_param, '');
    v_start := CASE WHEN coalesce(next_token, '') <> '' THEN next_token ELSE coalesce(start_after, '') END;
    v_file_batch_size := LEAST(GREATEST(max_keys * 2, 100), 1000);

    -- Calculate upper bound for prefix filtering (bytewise, using COLLATE "C")
    IF v_prefix = '' THEN
        v_upper_bound := NULL;
    ELSIF right(v_prefix, 1) = delimiter_param THEN
        v_upper_bound := left(v_prefix, -1) || chr(ascii(delimiter_param) + 1);
    ELSE
        v_upper_bound := left(v_prefix, -1) || chr(ascii(right(v_prefix, 1)) + 1);
    END IF;

    -- Build batch query (dynamic SQL - called infrequently, amortized over many rows)
    IF v_is_asc THEN
        IF v_upper_bound IS NOT NULL THEN
            v_batch_query := 'SELECT o.name, o.id, o.updated_at, o.created_at, o.last_accessed_at, o.metadata ' ||
                'FROM storage.objects o WHERE o.bucket_id = $1 AND o.name COLLATE "C" >= $2 ' ||
                'AND o.name COLLATE "C" < $3 ORDER BY o.name COLLATE "C" ASC LIMIT $4';
        ELSE
            v_batch_query := 'SELECT o.name, o.id, o.updated_at, o.created_at, o.last_accessed_at, o.metadata ' ||
                'FROM storage.objects o WHERE o.bucket_id = $1 AND o.name COLLATE "C" >= $2 ' ||
                'ORDER BY o.name COLLATE "C" ASC LIMIT $4';
        END IF;
    ELSE
        IF v_upper_bound IS NOT NULL THEN
            v_batch_query := 'SELECT o.name, o.id, o.updated_at, o.created_at, o.last_accessed_at, o.metadata ' ||
                'FROM storage.objects o WHERE o.bucket_id = $1 AND o.name COLLATE "C" < $2 ' ||
                'AND o.name COLLATE "C" >= $3 ORDER BY o.name COLLATE "C" DESC LIMIT $4';
        ELSE
            v_batch_query := 'SELECT o.name, o.id, o.updated_at, o.created_at, o.last_accessed_at, o.metadata ' ||
                'FROM storage.objects o WHERE o.bucket_id = $1 AND o.name COLLATE "C" < $2 ' ||
                'ORDER BY o.name COLLATE "C" DESC LIMIT $4';
        END IF;
    END IF;

    -- ========================================================================
    -- SEEK INITIALIZATION: Determine starting position
    -- ========================================================================
    IF v_start = '' THEN
        IF v_is_asc THEN
            v_next_seek := v_prefix;
        ELSE
            -- DESC without cursor: find the last item in range
            IF v_upper_bound IS NOT NULL THEN
                SELECT o.name INTO v_next_seek FROM storage.objects o
                WHERE o.bucket_id = _bucket_id AND o.name COLLATE "C" >= v_prefix AND o.name COLLATE "C" < v_upper_bound
                ORDER BY o.name COLLATE "C" DESC LIMIT 1;
            ELSIF v_prefix <> '' THEN
                SELECT o.name INTO v_next_seek FROM storage.objects o
                WHERE o.bucket_id = _bucket_id AND o.name COLLATE "C" >= v_prefix
                ORDER BY o.name COLLATE "C" DESC LIMIT 1;
            ELSE
                SELECT o.name INTO v_next_seek FROM storage.objects o
                WHERE o.bucket_id = _bucket_id
                ORDER BY o.name COLLATE "C" DESC LIMIT 1;
            END IF;

            IF v_next_seek IS NOT NULL THEN
                v_next_seek := v_next_seek || delimiter_param;
            ELSE
                RETURN;
            END IF;
        END IF;
    ELSE
        -- Cursor provided: determine if it refers to a folder or leaf
        IF EXISTS (
            SELECT 1 FROM storage.objects o
            WHERE o.bucket_id = _bucket_id
              AND o.name COLLATE "C" LIKE v_start || delimiter_param || '%'
            LIMIT 1
        ) THEN
            -- Cursor refers to a folder
            IF v_is_asc THEN
                v_next_seek := v_start || chr(ascii(delimiter_param) + 1);
            ELSE
                v_next_seek := v_start || delimiter_param;
            END IF;
        ELSE
            -- Cursor refers to a leaf object
            IF v_is_asc THEN
                v_next_seek := v_start || delimiter_param;
            ELSE
                v_next_seek := v_start;
            END IF;
        END IF;
    END IF;

    -- ========================================================================
    -- MAIN LOOP: Hybrid peek-then-batch algorithm
    -- Uses STATIC SQL for peek (hot path) and DYNAMIC SQL for batch
    -- ========================================================================
    LOOP
        EXIT WHEN v_count >= max_keys;

        -- STEP 1: PEEK using STATIC SQL (plan cached, very fast)
        IF v_is_asc THEN
            IF v_upper_bound IS NOT NULL THEN
                SELECT o.name INTO v_peek_name FROM storage.objects o
                WHERE o.bucket_id = _bucket_id AND o.name COLLATE "C" >= v_next_seek AND o.name COLLATE "C" < v_upper_bound
                ORDER BY o.name COLLATE "C" ASC LIMIT 1;
            ELSE
                SELECT o.name INTO v_peek_name FROM storage.objects o
                WHERE o.bucket_id = _bucket_id AND o.name COLLATE "C" >= v_next_seek
                ORDER BY o.name COLLATE "C" ASC LIMIT 1;
            END IF;
        ELSE
            IF v_upper_bound IS NOT NULL THEN
                SELECT o.name INTO v_peek_name FROM storage.objects o
                WHERE o.bucket_id = _bucket_id AND o.name COLLATE "C" < v_next_seek AND o.name COLLATE "C" >= v_prefix
                ORDER BY o.name COLLATE "C" DESC LIMIT 1;
            ELSIF v_prefix <> '' THEN
                SELECT o.name INTO v_peek_name FROM storage.objects o
                WHERE o.bucket_id = _bucket_id AND o.name COLLATE "C" < v_next_seek AND o.name COLLATE "C" >= v_prefix
                ORDER BY o.name COLLATE "C" DESC LIMIT 1;
            ELSE
                SELECT o.name INTO v_peek_name FROM storage.objects o
                WHERE o.bucket_id = _bucket_id AND o.name COLLATE "C" < v_next_seek
                ORDER BY o.name COLLATE "C" DESC LIMIT 1;
            END IF;
        END IF;

        EXIT WHEN v_peek_name IS NULL;

        -- STEP 2: Check if this is a FOLDER or FILE
        v_common_prefix := storage.get_common_prefix(v_peek_name, v_prefix, delimiter_param);

        IF v_common_prefix IS NOT NULL THEN
            -- FOLDER: Emit and skip to next folder (no heap access needed)
            name := rtrim(v_common_prefix, delimiter_param);
            id := NULL;
            updated_at := NULL;
            created_at := NULL;
            last_accessed_at := NULL;
            metadata := NULL;
            RETURN NEXT;
            v_count := v_count + 1;

            -- Advance seek past the folder range
            IF v_is_asc THEN
                v_next_seek := left(v_common_prefix, -1) || chr(ascii(delimiter_param) + 1);
            ELSE
                v_next_seek := v_common_prefix;
            END IF;
        ELSE
            -- FILE: Batch fetch using DYNAMIC SQL (overhead amortized over many rows)
            -- For ASC: upper_bound is the exclusive upper limit (< condition)
            -- For DESC: prefix is the inclusive lower limit (>= condition)
            FOR v_current IN EXECUTE v_batch_query USING _bucket_id, v_next_seek,
                CASE WHEN v_is_asc THEN COALESCE(v_upper_bound, v_prefix) ELSE v_prefix END, v_file_batch_size
            LOOP
                v_common_prefix := storage.get_common_prefix(v_current.name, v_prefix, delimiter_param);

                IF v_common_prefix IS NOT NULL THEN
                    -- Hit a folder: exit batch, let peek handle it
                    v_next_seek := v_current.name;
                    EXIT;
                END IF;

                -- Emit file
                name := v_current.name;
                id := v_current.id;
                updated_at := v_current.updated_at;
                created_at := v_current.created_at;
                last_accessed_at := v_current.last_accessed_at;
                metadata := v_current.metadata;
                RETURN NEXT;
                v_count := v_count + 1;

                -- Advance seek past this file
                IF v_is_asc THEN
                    v_next_seek := v_current.name || delimiter_param;
                ELSE
                    v_next_seek := v_current.name;
                END IF;

                EXIT WHEN v_count >= max_keys;
            END LOOP;
        END IF;
    END LOOP;
END;
$_$;


--
-- Name: operation(); Type: FUNCTION; Schema: storage; Owner: -
--

CREATE FUNCTION storage.operation() RETURNS text
    LANGUAGE plpgsql STABLE
    AS $$
BEGIN
    RETURN current_setting('storage.operation', true);
END;
$$;


--
-- Name: protect_delete(); Type: FUNCTION; Schema: storage; Owner: -
--

CREATE FUNCTION storage.protect_delete() RETURNS trigger
    LANGUAGE plpgsql
    AS $$
BEGIN
    -- Check if storage.allow_delete_query is set to 'true'
    IF COALESCE(current_setting('storage.allow_delete_query', true), 'false') != 'true' THEN
        RAISE EXCEPTION 'Direct deletion from storage tables is not allowed. Use the Storage API instead.'
            USING HINT = 'This prevents accidental data loss from orphaned objects.',
                  ERRCODE = '42501';
    END IF;
    RETURN NULL;
END;
$$;


--
-- Name: search(text, text, integer, integer, integer, text, text, text); Type: FUNCTION; Schema: storage; Owner: -
--

CREATE FUNCTION storage.search(prefix text, bucketname text, limits integer DEFAULT 100, levels integer DEFAULT 1, offsets integer DEFAULT 0, search text DEFAULT ''::text, sortcolumn text DEFAULT 'name'::text, sortorder text DEFAULT 'asc'::text) RETURNS TABLE(name text, id uuid, updated_at timestamp with time zone, created_at timestamp with time zone, last_accessed_at timestamp with time zone, metadata jsonb)
    LANGUAGE plpgsql STABLE
    AS $_$
DECLARE
    v_peek_name TEXT;
    v_current RECORD;
    v_common_prefix TEXT;
    v_delimiter CONSTANT TEXT := '/';

    -- Configuration
    v_limit INT;
    v_prefix TEXT;
    v_prefix_lower TEXT;
    v_is_asc BOOLEAN;
    v_order_by TEXT;
    v_sort_order TEXT;
    v_upper_bound TEXT;
    v_file_batch_size INT;

    -- Dynamic SQL for batch query only
    v_batch_query TEXT;

    -- Seek state
    v_next_seek TEXT;
    v_count INT := 0;
    v_skipped INT := 0;
BEGIN
    -- ========================================================================
    -- INITIALIZATION
    -- ========================================================================
    v_limit := LEAST(coalesce(limits, 100), 1500);
    v_prefix := coalesce(prefix, '') || coalesce(search, '');
    v_prefix_lower := lower(v_prefix);
    v_is_asc := lower(coalesce(sortorder, 'asc')) = 'asc';
    v_file_batch_size := LEAST(GREATEST(v_limit * 2, 100), 1000);

    -- Validate sort column
    CASE lower(coalesce(sortcolumn, 'name'))
        WHEN 'name' THEN v_order_by := 'name';
        WHEN 'updated_at' THEN v_order_by := 'updated_at';
        WHEN 'created_at' THEN v_order_by := 'created_at';
        WHEN 'last_accessed_at' THEN v_order_by := 'last_accessed_at';
        ELSE v_order_by := 'name';
    END CASE;

    v_sort_order := CASE WHEN v_is_asc THEN 'asc' ELSE 'desc' END;

    -- ========================================================================
    -- NON-NAME SORTING: Use path_tokens approach (unchanged)
    -- ========================================================================
    IF v_order_by != 'name' THEN
        RETURN QUERY EXECUTE format(
            $sql$
            WITH folders AS (
                SELECT path_tokens[$1] AS folder
                FROM storage.objects
                WHERE objects.name ILIKE $2 || '%%'
                  AND bucket_id = $3
                  AND array_length(objects.path_tokens, 1) <> $1
                GROUP BY folder
                ORDER BY folder %s
            )
            (SELECT folder AS "name",
                   NULL::uuid AS id,
                   NULL::timestamptz AS updated_at,
                   NULL::timestamptz AS created_at,
                   NULL::timestamptz AS last_accessed_at,
                   NULL::jsonb AS metadata FROM folders)
            UNION ALL
            (SELECT path_tokens[$1] AS "name",
                   id, updated_at, created_at, last_accessed_at, metadata
             FROM storage.objects
             WHERE objects.name ILIKE $2 || '%%'
               AND bucket_id = $3
               AND array_length(objects.path_tokens, 1) = $1
             ORDER BY %I %s)
            LIMIT $4 OFFSET $5
            $sql$, v_sort_order, v_order_by, v_sort_order
        ) USING levels, v_prefix, bucketname, v_limit, offsets;
        RETURN;
    END IF;

    -- ========================================================================
    -- NAME SORTING: Hybrid skip-scan with batch optimization
    -- ========================================================================

    -- Calculate upper bound for prefix filtering
    IF v_prefix_lower = '' THEN
        v_upper_bound := NULL;
    ELSIF right(v_prefix_lower, 1) = v_delimiter THEN
        v_upper_bound := left(v_prefix_lower, -1) || chr(ascii(v_delimiter) + 1);
    ELSE
        v_upper_bound := left(v_prefix_lower, -1) || chr(ascii(right(v_prefix_lower, 1)) + 1);
    END IF;

    -- Build batch query (dynamic SQL - called infrequently, amortized over many rows)
    IF v_is_asc THEN
        IF v_upper_bound IS NOT NULL THEN
            v_batch_query := 'SELECT o.name, o.id, o.updated_at, o.created_at, o.last_accessed_at, o.metadata ' ||
                'FROM storage.objects o WHERE o.bucket_id = $1 AND lower(o.name) COLLATE "C" >= $2 ' ||
                'AND lower(o.name) COLLATE "C" < $3 ORDER BY lower(o.name) COLLATE "C" ASC LIMIT $4';
        ELSE
            v_batch_query := 'SELECT o.name, o.id, o.updated_at, o.created_at, o.last_accessed_at, o.metadata ' ||
                'FROM storage.objects o WHERE o.bucket_id = $1 AND lower(o.name) COLLATE "C" >= $2 ' ||
                'ORDER BY lower(o.name) COLLATE "C" ASC LIMIT $4';
        END IF;
    ELSE
        IF v_upper_bound IS NOT NULL THEN
            v_batch_query := 'SELECT o.name, o.id, o.updated_at, o.created_at, o.last_accessed_at, o.metadata ' ||
                'FROM storage.objects o WHERE o.bucket_id = $1 AND lower(o.name) COLLATE "C" < $2 ' ||
                'AND lower(o.name) COLLATE "C" >= $3 ORDER BY lower(o.name) COLLATE "C" DESC LIMIT $4';
        ELSE
            v_batch_query := 'SELECT o.name, o.id, o.updated_at, o.created_at, o.last_accessed_at, o.metadata ' ||
                'FROM storage.objects o WHERE o.bucket_id = $1 AND lower(o.name) COLLATE "C" < $2 ' ||
                'ORDER BY lower(o.name) COLLATE "C" DESC LIMIT $4';
        END IF;
    END IF;

    -- Initialize seek position
    IF v_is_asc THEN
        v_next_seek := v_prefix_lower;
    ELSE
        -- DESC: find the last item in range first (static SQL)
        IF v_upper_bound IS NOT NULL THEN
            SELECT o.name INTO v_peek_name FROM storage.objects o
            WHERE o.bucket_id = bucketname AND lower(o.name) COLLATE "C" >= v_prefix_lower AND lower(o.name) COLLATE "C" < v_upper_bound
            ORDER BY lower(o.name) COLLATE "C" DESC LIMIT 1;
        ELSIF v_prefix_lower <> '' THEN
            SELECT o.name INTO v_peek_name FROM storage.objects o
            WHERE o.bucket_id = bucketname AND lower(o.name) COLLATE "C" >= v_prefix_lower
            ORDER BY lower(o.name) COLLATE "C" DESC LIMIT 1;
        ELSE
            SELECT o.name INTO v_peek_name FROM storage.objects o
            WHERE o.bucket_id = bucketname
            ORDER BY lower(o.name) COLLATE "C" DESC LIMIT 1;
        END IF;

        IF v_peek_name IS NOT NULL THEN
            v_next_seek := lower(v_peek_name) || v_delimiter;
        ELSE
            RETURN;
        END IF;
    END IF;

    -- ========================================================================
    -- MAIN LOOP: Hybrid peek-then-batch algorithm
    -- Uses STATIC SQL for peek (hot path) and DYNAMIC SQL for batch
    -- ========================================================================
    LOOP
        EXIT WHEN v_count >= v_limit;

        -- STEP 1: PEEK using STATIC SQL (plan cached, very fast)
        IF v_is_asc THEN
            IF v_upper_bound IS NOT NULL THEN
                SELECT o.name INTO v_peek_name FROM storage.objects o
                WHERE o.bucket_id = bucketname AND lower(o.name) COLLATE "C" >= v_next_seek AND lower(o.name) COLLATE "C" < v_upper_bound
                ORDER BY lower(o.name) COLLATE "C" ASC LIMIT 1;
            ELSE
                SELECT o.name INTO v_peek_name FROM storage.objects o
                WHERE o.bucket_id = bucketname AND lower(o.name) COLLATE "C" >= v_next_seek
                ORDER BY lower(o.name) COLLATE "C" ASC LIMIT 1;
            END IF;
        ELSE
            IF v_upper_bound IS NOT NULL THEN
                SELECT o.name INTO v_peek_name FROM storage.objects o
                WHERE o.bucket_id = bucketname AND lower(o.name) COLLATE "C" < v_next_seek AND lower(o.name) COLLATE "C" >= v_prefix_lower
                ORDER BY lower(o.name) COLLATE "C" DESC LIMIT 1;
            ELSIF v_prefix_lower <> '' THEN
                SELECT o.name INTO v_peek_name FROM storage.objects o
                WHERE o.bucket_id = bucketname AND lower(o.name) COLLATE "C" < v_next_seek AND lower(o.name) COLLATE "C" >= v_prefix_lower
                ORDER BY lower(o.name) COLLATE "C" DESC LIMIT 1;
            ELSE
                SELECT o.name INTO v_peek_name FROM storage.objects o
                WHERE o.bucket_id = bucketname AND lower(o.name) COLLATE "C" < v_next_seek
                ORDER BY lower(o.name) COLLATE "C" DESC LIMIT 1;
            END IF;
        END IF;

        EXIT WHEN v_peek_name IS NULL;

        -- STEP 2: Check if this is a FOLDER or FILE
        v_common_prefix := storage.get_common_prefix(lower(v_peek_name), v_prefix_lower, v_delimiter);

        IF v_common_prefix IS NOT NULL THEN
            -- FOLDER: Handle offset, emit if needed, skip to next folder
            IF v_skipped < offsets THEN
                v_skipped := v_skipped + 1;
            ELSE
                name := split_part(rtrim(storage.get_common_prefix(v_peek_name, v_prefix, v_delimiter), v_delimiter), v_delimiter, levels);
                id := NULL;
                updated_at := NULL;
                created_at := NULL;
                last_accessed_at := NULL;
                metadata := NULL;
                RETURN NEXT;
                v_count := v_count + 1;
            END IF;

            -- Advance seek past the folder range
            IF v_is_asc THEN
                v_next_seek := lower(left(v_common_prefix, -1)) || chr(ascii(v_delimiter) + 1);
            ELSE
                v_next_seek := lower(v_common_prefix);
            END IF;
        ELSE
            -- FILE: Batch fetch using DYNAMIC SQL (overhead amortized over many rows)
            -- For ASC: upper_bound is the exclusive upper limit (< condition)
            -- For DESC: prefix_lower is the inclusive lower limit (>= condition)
            FOR v_current IN EXECUTE v_batch_query
                USING bucketname, v_next_seek,
                    CASE WHEN v_is_asc THEN COALESCE(v_upper_bound, v_prefix_lower) ELSE v_prefix_lower END, v_file_batch_size
            LOOP
                v_common_prefix := storage.get_common_prefix(lower(v_current.name), v_prefix_lower, v_delimiter);

                IF v_common_prefix IS NOT NULL THEN
                    -- Hit a folder: exit batch, let peek handle it
                    v_next_seek := lower(v_current.name);
                    EXIT;
                END IF;

                -- Handle offset skipping
                IF v_skipped < offsets THEN
                    v_skipped := v_skipped + 1;
                ELSE
                    -- Emit file
                    name := split_part(v_current.name, v_delimiter, levels);
                    id := v_current.id;
                    updated_at := v_current.updated_at;
                    created_at := v_current.created_at;
                    last_accessed_at := v_current.last_accessed_at;
                    metadata := v_current.metadata;
                    RETURN NEXT;
                    v_count := v_count + 1;
                END IF;

                -- Advance seek past this file
                IF v_is_asc THEN
                    v_next_seek := lower(v_current.name) || v_delimiter;
                ELSE
                    v_next_seek := lower(v_current.name);
                END IF;

                EXIT WHEN v_count >= v_limit;
            END LOOP;
        END IF;
    END LOOP;
END;
$_$;


--
-- Name: search_by_timestamp(text, text, integer, integer, text, text, text, text); Type: FUNCTION; Schema: storage; Owner: -
--

CREATE FUNCTION storage.search_by_timestamp(p_prefix text, p_bucket_id text, p_limit integer, p_level integer, p_start_after text, p_sort_order text, p_sort_column text, p_sort_column_after text) RETURNS TABLE(key text, name text, id uuid, updated_at timestamp with time zone, created_at timestamp with time zone, last_accessed_at timestamp with time zone, metadata jsonb)
    LANGUAGE plpgsql STABLE
    AS $_$
DECLARE
    v_cursor_op text;
    v_query text;
    v_prefix text;
BEGIN
    v_prefix := coalesce(p_prefix, '');

    IF p_sort_order = 'asc' THEN
        v_cursor_op := '>';
    ELSE
        v_cursor_op := '<';
    END IF;

    v_query := format($sql$
        WITH raw_objects AS (
            SELECT
                o.name AS obj_name,
                o.id AS obj_id,
                o.updated_at AS obj_updated_at,
                o.created_at AS obj_created_at,
                o.last_accessed_at AS obj_last_accessed_at,
                o.metadata AS obj_metadata,
                storage.get_common_prefix(o.name, $1, '/') AS common_prefix
            FROM storage.objects o
            WHERE o.bucket_id = $2
              AND o.name COLLATE "C" LIKE $1 || '%%'
        ),
        -- Aggregate common prefixes (folders)
        -- Both created_at and updated_at use MIN(obj_created_at) to match the old prefixes table behavior
        aggregated_prefixes AS (
            SELECT
                rtrim(common_prefix, '/') AS name,
                NULL::uuid AS id,
                MIN(obj_created_at) AS updated_at,
                MIN(obj_created_at) AS created_at,
                NULL::timestamptz AS last_accessed_at,
                NULL::jsonb AS metadata,
                TRUE AS is_prefix
            FROM raw_objects
            WHERE common_prefix IS NOT NULL
            GROUP BY common_prefix
        ),
        leaf_objects AS (
            SELECT
                obj_name AS name,
                obj_id AS id,
                obj_updated_at AS updated_at,
                obj_created_at AS created_at,
                obj_last_accessed_at AS last_accessed_at,
                obj_metadata AS metadata,
                FALSE AS is_prefix
            FROM raw_objects
            WHERE common_prefix IS NULL
        ),
        combined AS (
            SELECT * FROM aggregated_prefixes
            UNION ALL
            SELECT * FROM leaf_objects
        ),
        filtered AS (
            SELECT *
            FROM combined
            WHERE (
                $5 = ''
                OR ROW(
                    date_trunc('milliseconds', %I),
                    name COLLATE "C"
                ) %s ROW(
                    COALESCE(NULLIF($6, '')::timestamptz, 'epoch'::timestamptz),
                    $5
                )
            )
        )
        SELECT
            split_part(name, '/', $3) AS key,
            name,
            id,
            updated_at,
            created_at,
            last_accessed_at,
            metadata
        FROM filtered
        ORDER BY
            COALESCE(date_trunc('milliseconds', %I), 'epoch'::timestamptz) %s,
            name COLLATE "C" %s
        LIMIT $4
    $sql$,
        p_sort_column,
        v_cursor_op,
        p_sort_column,
        p_sort_order,
        p_sort_order
    );

    RETURN QUERY EXECUTE v_query
    USING v_prefix, p_bucket_id, p_level, p_limit, p_start_after, p_sort_column_after;
END;
$_$;


--
-- Name: search_v2(text, text, integer, integer, text, text, text, text); Type: FUNCTION; Schema: storage; Owner: -
--

CREATE FUNCTION storage.search_v2(prefix text, bucket_name text, limits integer DEFAULT 100, levels integer DEFAULT 1, start_after text DEFAULT ''::text, sort_order text DEFAULT 'asc'::text, sort_column text DEFAULT 'name'::text, sort_column_after text DEFAULT ''::text) RETURNS TABLE(key text, name text, id uuid, updated_at timestamp with time zone, created_at timestamp with time zone, last_accessed_at timestamp with time zone, metadata jsonb)
    LANGUAGE plpgsql STABLE
    AS $$
DECLARE
    v_sort_col text;
    v_sort_ord text;
    v_limit int;
BEGIN
    -- Cap limit to maximum of 1500 records
    v_limit := LEAST(coalesce(limits, 100), 1500);

    -- Validate and normalize sort_order
    v_sort_ord := lower(coalesce(sort_order, 'asc'));
    IF v_sort_ord NOT IN ('asc', 'desc') THEN
        v_sort_ord := 'asc';
    END IF;

    -- Validate and normalize sort_column
    v_sort_col := lower(coalesce(sort_column, 'name'));
    IF v_sort_col NOT IN ('name', 'updated_at', 'created_at') THEN
        v_sort_col := 'name';
    END IF;

    -- Route to appropriate implementation
    IF v_sort_col = 'name' THEN
        -- Use list_objects_with_delimiter for name sorting (most efficient: O(k * log n))
        RETURN QUERY
        SELECT
            split_part(l.name, '/', levels) AS key,
            l.name AS name,
            l.id,
            l.updated_at,
            l.created_at,
            l.last_accessed_at,
            l.metadata
        FROM storage.list_objects_with_delimiter(
            bucket_name,
            coalesce(prefix, ''),
            '/',
            v_limit,
            start_after,
            '',
            v_sort_ord
        ) l;
    ELSE
        -- Use aggregation approach for timestamp sorting
        -- Not efficient for large datasets but supports correct pagination
        RETURN QUERY SELECT * FROM storage.search_by_timestamp(
            prefix, bucket_name, v_limit, levels, start_after,
            v_sort_ord, v_sort_col, sort_column_after
        );
    END IF;
END;
$$;


--
-- Name: update_updated_at_column(); Type: FUNCTION; Schema: storage; Owner: -
--

CREATE FUNCTION storage.update_updated_at_column() RETURNS trigger
    LANGUAGE plpgsql
    AS $$
BEGIN
    NEW.updated_at = now();
    RETURN NEW; 
END;
$$;


SET default_tablespace = '';

SET default_table_access_method = heap;

--
-- Name: audit_log_entries; Type: TABLE; Schema: auth; Owner: -
--

CREATE TABLE auth.audit_log_entries (
    instance_id uuid,
    id uuid NOT NULL,
    payload json,
    created_at timestamp with time zone,
    ip_address character varying(64) DEFAULT ''::character varying NOT NULL
);


--
-- Name: TABLE audit_log_entries; Type: COMMENT; Schema: auth; Owner: -
--

COMMENT ON TABLE auth.audit_log_entries IS 'Auth: Audit trail for user actions.';


--
-- Name: flow_state; Type: TABLE; Schema: auth; Owner: -
--

CREATE TABLE auth.flow_state (
    id uuid NOT NULL,
    user_id uuid,
    auth_code text,
    code_challenge_method auth.code_challenge_method,
    code_challenge text,
    provider_type text NOT NULL,
    provider_access_token text,
    provider_refresh_token text,
    created_at timestamp with time zone,
    updated_at timestamp with time zone,
    authentication_method text NOT NULL,
    auth_code_issued_at timestamp with time zone,
    invite_token text,
    referrer text,
    oauth_client_state_id uuid,
    linking_target_id uuid,
    email_optional boolean DEFAULT false NOT NULL
);


--
-- Name: TABLE flow_state; Type: COMMENT; Schema: auth; Owner: -
--

COMMENT ON TABLE auth.flow_state IS 'Stores metadata for all OAuth/SSO login flows';


--
-- Name: identities; Type: TABLE; Schema: auth; Owner: -
--

CREATE TABLE auth.identities (
    provider_id text NOT NULL,
    user_id uuid NOT NULL,
    identity_data jsonb NOT NULL,
    provider text NOT NULL,
    last_sign_in_at timestamp with time zone,
    created_at timestamp with time zone,
    updated_at timestamp with time zone,
    email text GENERATED ALWAYS AS (lower((identity_data ->> 'email'::text))) STORED,
    id uuid DEFAULT gen_random_uuid() NOT NULL
);


--
-- Name: TABLE identities; Type: COMMENT; Schema: auth; Owner: -
--

COMMENT ON TABLE auth.identities IS 'Auth: Stores identities associated to a user.';


--
-- Name: COLUMN identities.email; Type: COMMENT; Schema: auth; Owner: -
--

COMMENT ON COLUMN auth.identities.email IS 'Auth: Email is a generated column that references the optional email property in the identity_data';


--
-- Name: instances; Type: TABLE; Schema: auth; Owner: -
--

CREATE TABLE auth.instances (
    id uuid NOT NULL,
    uuid uuid,
    raw_base_config text,
    created_at timestamp with time zone,
    updated_at timestamp with time zone
);


--
-- Name: TABLE instances; Type: COMMENT; Schema: auth; Owner: -
--

COMMENT ON TABLE auth.instances IS 'Auth: Manages users across multiple sites.';


--
-- Name: mfa_amr_claims; Type: TABLE; Schema: auth; Owner: -
--

CREATE TABLE auth.mfa_amr_claims (
    session_id uuid NOT NULL,
    created_at timestamp with time zone NOT NULL,
    updated_at timestamp with time zone NOT NULL,
    authentication_method text NOT NULL,
    id uuid NOT NULL
);


--
-- Name: TABLE mfa_amr_claims; Type: COMMENT; Schema: auth; Owner: -
--

COMMENT ON TABLE auth.mfa_amr_claims IS 'auth: stores authenticator method reference claims for multi factor authentication';


--
-- Name: mfa_challenges; Type: TABLE; Schema: auth; Owner: -
--

CREATE TABLE auth.mfa_challenges (
    id uuid NOT NULL,
    factor_id uuid NOT NULL,
    created_at timestamp with time zone NOT NULL,
    verified_at timestamp with time zone,
    ip_address inet NOT NULL,
    otp_code text,
    web_authn_session_data jsonb
);


--
-- Name: TABLE mfa_challenges; Type: COMMENT; Schema: auth; Owner: -
--

COMMENT ON TABLE auth.mfa_challenges IS 'auth: stores metadata about challenge requests made';


--
-- Name: mfa_factors; Type: TABLE; Schema: auth; Owner: -
--

CREATE TABLE auth.mfa_factors (
    id uuid NOT NULL,
    user_id uuid NOT NULL,
    friendly_name text,
    factor_type auth.factor_type NOT NULL,
    status auth.factor_status NOT NULL,
    created_at timestamp with time zone NOT NULL,
    updated_at timestamp with time zone NOT NULL,
    secret text,
    phone text,
    last_challenged_at timestamp with time zone,
    web_authn_credential jsonb,
    web_authn_aaguid uuid,
    last_webauthn_challenge_data jsonb
);


--
-- Name: TABLE mfa_factors; Type: COMMENT; Schema: auth; Owner: -
--

COMMENT ON TABLE auth.mfa_factors IS 'auth: stores metadata about factors';


--
-- Name: COLUMN mfa_factors.last_webauthn_challenge_data; Type: COMMENT; Schema: auth; Owner: -
--

COMMENT ON COLUMN auth.mfa_factors.last_webauthn_challenge_data IS 'Stores the latest WebAuthn challenge data including attestation/assertion for customer verification';


--
-- Name: oauth_authorizations; Type: TABLE; Schema: auth; Owner: -
--

CREATE TABLE auth.oauth_authorizations (
    id uuid NOT NULL,
    authorization_id text NOT NULL,
    client_id uuid NOT NULL,
    user_id uuid,
    redirect_uri text NOT NULL,
    scope text NOT NULL,
    state text,
    resource text,
    code_challenge text,
    code_challenge_method auth.code_challenge_method,
    response_type auth.oauth_response_type DEFAULT 'code'::auth.oauth_response_type NOT NULL,
    status auth.oauth_authorization_status DEFAULT 'pending'::auth.oauth_authorization_status NOT NULL,
    authorization_code text,
    created_at timestamp with time zone DEFAULT now() NOT NULL,
    expires_at timestamp with time zone DEFAULT (now() + '00:03:00'::interval) NOT NULL,
    approved_at timestamp with time zone,
    nonce text,
    CONSTRAINT oauth_authorizations_authorization_code_length CHECK ((char_length(authorization_code) <= 255)),
    CONSTRAINT oauth_authorizations_code_challenge_length CHECK ((char_length(code_challenge) <= 128)),
    CONSTRAINT oauth_authorizations_expires_at_future CHECK ((expires_at > created_at)),
    CONSTRAINT oauth_authorizations_nonce_length CHECK ((char_length(nonce) <= 255)),
    CONSTRAINT oauth_authorizations_redirect_uri_length CHECK ((char_length(redirect_uri) <= 2048)),
    CONSTRAINT oauth_authorizations_resource_length CHECK ((char_length(resource) <= 2048)),
    CONSTRAINT oauth_authorizations_scope_length CHECK ((char_length(scope) <= 4096)),
    CONSTRAINT oauth_authorizations_state_length CHECK ((char_length(state) <= 4096))
);


--
-- Name: oauth_client_states; Type: TABLE; Schema: auth; Owner: -
--

CREATE TABLE auth.oauth_client_states (
    id uuid NOT NULL,
    provider_type text NOT NULL,
    code_verifier text,
    created_at timestamp with time zone NOT NULL
);


--
-- Name: TABLE oauth_client_states; Type: COMMENT; Schema: auth; Owner: -
--

COMMENT ON TABLE auth.oauth_client_states IS 'Stores OAuth states for third-party provider authentication flows where Supabase acts as the OAuth client.';


--
-- Name: oauth_clients; Type: TABLE; Schema: auth; Owner: -
--

CREATE TABLE auth.oauth_clients (
    id uuid NOT NULL,
    client_secret_hash text,
    registration_type auth.oauth_registration_type NOT NULL,
    redirect_uris text NOT NULL,
    grant_types text NOT NULL,
    client_name text,
    client_uri text,
    logo_uri text,
    created_at timestamp with time zone DEFAULT now() NOT NULL,
    updated_at timestamp with time zone DEFAULT now() NOT NULL,
    deleted_at timestamp with time zone,
    client_type auth.oauth_client_type DEFAULT 'confidential'::auth.oauth_client_type NOT NULL,
    token_endpoint_auth_method text NOT NULL,
    CONSTRAINT oauth_clients_client_name_length CHECK ((char_length(client_name) <= 1024)),
    CONSTRAINT oauth_clients_client_uri_length CHECK ((char_length(client_uri) <= 2048)),
    CONSTRAINT oauth_clients_logo_uri_length CHECK ((char_length(logo_uri) <= 2048)),
    CONSTRAINT oauth_clients_token_endpoint_auth_method_check CHECK ((token_endpoint_auth_method = ANY (ARRAY['client_secret_basic'::text, 'client_secret_post'::text, 'none'::text])))
);


--
-- Name: oauth_consents; Type: TABLE; Schema: auth; Owner: -
--

CREATE TABLE auth.oauth_consents (
    id uuid NOT NULL,
    user_id uuid NOT NULL,
    client_id uuid NOT NULL,
    scopes text NOT NULL,
    granted_at timestamp with time zone DEFAULT now() NOT NULL,
    revoked_at timestamp with time zone,
    CONSTRAINT oauth_consents_revoked_after_granted CHECK (((revoked_at IS NULL) OR (revoked_at >= granted_at))),
    CONSTRAINT oauth_consents_scopes_length CHECK ((char_length(scopes) <= 2048)),
    CONSTRAINT oauth_consents_scopes_not_empty CHECK ((char_length(TRIM(BOTH FROM scopes)) > 0))
);


--
-- Name: one_time_tokens; Type: TABLE; Schema: auth; Owner: -
--

CREATE TABLE auth.one_time_tokens (
    id uuid NOT NULL,
    user_id uuid NOT NULL,
    token_type auth.one_time_token_type NOT NULL,
    token_hash text NOT NULL,
    relates_to text NOT NULL,
    created_at timestamp without time zone DEFAULT now() NOT NULL,
    updated_at timestamp without time zone DEFAULT now() NOT NULL,
    CONSTRAINT one_time_tokens_token_hash_check CHECK ((char_length(token_hash) > 0))
);


--
-- Name: refresh_tokens; Type: TABLE; Schema: auth; Owner: -
--

CREATE TABLE auth.refresh_tokens (
    instance_id uuid,
    id bigint NOT NULL,
    token character varying(255),
    user_id character varying(255),
    revoked boolean,
    created_at timestamp with time zone,
    updated_at timestamp with time zone,
    parent character varying(255),
    session_id uuid
);


--
-- Name: TABLE refresh_tokens; Type: COMMENT; Schema: auth; Owner: -
--

COMMENT ON TABLE auth.refresh_tokens IS 'Auth: Store of tokens used to refresh JWT tokens once they expire.';


--
-- Name: refresh_tokens_id_seq; Type: SEQUENCE; Schema: auth; Owner: -
--

CREATE SEQUENCE auth.refresh_tokens_id_seq
    START WITH 1
    INCREMENT BY 1
    NO MINVALUE
    NO MAXVALUE
    CACHE 1;


--
-- Name: refresh_tokens_id_seq; Type: SEQUENCE OWNED BY; Schema: auth; Owner: -
--

ALTER SEQUENCE auth.refresh_tokens_id_seq OWNED BY auth.refresh_tokens.id;


--
-- Name: saml_providers; Type: TABLE; Schema: auth; Owner: -
--

CREATE TABLE auth.saml_providers (
    id uuid NOT NULL,
    sso_provider_id uuid NOT NULL,
    entity_id text NOT NULL,
    metadata_xml text NOT NULL,
    metadata_url text,
    attribute_mapping jsonb,
    created_at timestamp with time zone,
    updated_at timestamp with time zone,
    name_id_format text,
    CONSTRAINT "entity_id not empty" CHECK ((char_length(entity_id) > 0)),
    CONSTRAINT "metadata_url not empty" CHECK (((metadata_url = NULL::text) OR (char_length(metadata_url) > 0))),
    CONSTRAINT "metadata_xml not empty" CHECK ((char_length(metadata_xml) > 0))
);


--
-- Name: TABLE saml_providers; Type: COMMENT; Schema: auth; Owner: -
--

COMMENT ON TABLE auth.saml_providers IS 'Auth: Manages SAML Identity Provider connections.';


--
-- Name: saml_relay_states; Type: TABLE; Schema: auth; Owner: -
--

CREATE TABLE auth.saml_relay_states (
    id uuid NOT NULL,
    sso_provider_id uuid NOT NULL,
    request_id text NOT NULL,
    for_email text,
    redirect_to text,
    created_at timestamp with time zone,
    updated_at timestamp with time zone,
    flow_state_id uuid,
    CONSTRAINT "request_id not empty" CHECK ((char_length(request_id) > 0))
);


--
-- Name: TABLE saml_relay_states; Type: COMMENT; Schema: auth; Owner: -
--

COMMENT ON TABLE auth.saml_relay_states IS 'Auth: Contains SAML Relay State information for each Service Provider initiated login.';


--
-- Name: schema_migrations; Type: TABLE; Schema: auth; Owner: -
--

CREATE TABLE auth.schema_migrations (
    version character varying(255) NOT NULL
);


--
-- Name: TABLE schema_migrations; Type: COMMENT; Schema: auth; Owner: -
--

COMMENT ON TABLE auth.schema_migrations IS 'Auth: Manages updates to the auth system.';


--
-- Name: sessions; Type: TABLE; Schema: auth; Owner: -
--

CREATE TABLE auth.sessions (
    id uuid NOT NULL,
    user_id uuid NOT NULL,
    created_at timestamp with time zone,
    updated_at timestamp with time zone,
    factor_id uuid,
    aal auth.aal_level,
    not_after timestamp with time zone,
    refreshed_at timestamp without time zone,
    user_agent text,
    ip inet,
    tag text,
    oauth_client_id uuid,
    refresh_token_hmac_key text,
    refresh_token_counter bigint,
    scopes text,
    CONSTRAINT sessions_scopes_length CHECK ((char_length(scopes) <= 4096))
);


--
-- Name: TABLE sessions; Type: COMMENT; Schema: auth; Owner: -
--

COMMENT ON TABLE auth.sessions IS 'Auth: Stores session data associated to a user.';


--
-- Name: COLUMN sessions.not_after; Type: COMMENT; Schema: auth; Owner: -
--

COMMENT ON COLUMN auth.sessions.not_after IS 'Auth: Not after is a nullable column that contains a timestamp after which the session should be regarded as expired.';


--
-- Name: COLUMN sessions.refresh_token_hmac_key; Type: COMMENT; Schema: auth; Owner: -
--

COMMENT ON COLUMN auth.sessions.refresh_token_hmac_key IS 'Holds a HMAC-SHA256 key used to sign refresh tokens for this session.';


--
-- Name: COLUMN sessions.refresh_token_counter; Type: COMMENT; Schema: auth; Owner: -
--

COMMENT ON COLUMN auth.sessions.refresh_token_counter IS 'Holds the ID (counter) of the last issued refresh token.';


--
-- Name: sso_domains; Type: TABLE; Schema: auth; Owner: -
--

CREATE TABLE auth.sso_domains (
    id uuid NOT NULL,
    sso_provider_id uuid NOT NULL,
    domain text NOT NULL,
    created_at timestamp with time zone,
    updated_at timestamp with time zone,
    CONSTRAINT "domain not empty" CHECK ((char_length(domain) > 0))
);


--
-- Name: TABLE sso_domains; Type: COMMENT; Schema: auth; Owner: -
--

COMMENT ON TABLE auth.sso_domains IS 'Auth: Manages SSO email address domain mapping to an SSO Identity Provider.';


--
-- Name: sso_providers; Type: TABLE; Schema: auth; Owner: -
--

CREATE TABLE auth.sso_providers (
    id uuid NOT NULL,
    resource_id text,
    created_at timestamp with time zone,
    updated_at timestamp with time zone,
    disabled boolean,
    CONSTRAINT "resource_id not empty" CHECK (((resource_id = NULL::text) OR (char_length(resource_id) > 0)))
);


--
-- Name: TABLE sso_providers; Type: COMMENT; Schema: auth; Owner: -
--

COMMENT ON TABLE auth.sso_providers IS 'Auth: Manages SSO identity provider information; see saml_providers for SAML.';


--
-- Name: COLUMN sso_providers.resource_id; Type: COMMENT; Schema: auth; Owner: -
--

COMMENT ON COLUMN auth.sso_providers.resource_id IS 'Auth: Uniquely identifies a SSO provider according to a user-chosen resource ID (case insensitive), useful in infrastructure as code.';


--
-- Name: users; Type: TABLE; Schema: auth; Owner: -
--

CREATE TABLE auth.users (
    instance_id uuid,
    id uuid NOT NULL,
    aud character varying(255),
    role character varying(255),
    email character varying(255),
    encrypted_password character varying(255),
    email_confirmed_at timestamp with time zone,
    invited_at timestamp with time zone,
    confirmation_token character varying(255),
    confirmation_sent_at timestamp with time zone,
    recovery_token character varying(255),
    recovery_sent_at timestamp with time zone,
    email_change_token_new character varying(255),
    email_change character varying(255),
    email_change_sent_at timestamp with time zone,
    last_sign_in_at timestamp with time zone,
    raw_app_meta_data jsonb,
    raw_user_meta_data jsonb,
    is_super_admin boolean,
    created_at timestamp with time zone,
    updated_at timestamp with time zone,
    phone text DEFAULT NULL::character varying,
    phone_confirmed_at timestamp with time zone,
    phone_change text DEFAULT ''::character varying,
    phone_change_token character varying(255) DEFAULT ''::character varying,
    phone_change_sent_at timestamp with time zone,
    confirmed_at timestamp with time zone GENERATED ALWAYS AS (LEAST(email_confirmed_at, phone_confirmed_at)) STORED,
    email_change_token_current character varying(255) DEFAULT ''::character varying,
    email_change_confirm_status smallint DEFAULT 0,
    banned_until timestamp with time zone,
    reauthentication_token character varying(255) DEFAULT ''::character varying,
    reauthentication_sent_at timestamp with time zone,
    is_sso_user boolean DEFAULT false NOT NULL,
    deleted_at timestamp with time zone,
    is_anonymous boolean DEFAULT false NOT NULL,
    CONSTRAINT users_email_change_confirm_status_check CHECK (((email_change_confirm_status >= 0) AND (email_change_confirm_status <= 2)))
);


--
-- Name: TABLE users; Type: COMMENT; Schema: auth; Owner: -
--

COMMENT ON TABLE auth.users IS 'Auth: Stores user login data within a secure schema.';


--
-- Name: COLUMN users.is_sso_user; Type: COMMENT; Schema: auth; Owner: -
--

COMMENT ON COLUMN auth.users.is_sso_user IS 'Auth: Set this column to true when the account comes from SSO. These accounts can have duplicate emails.';


--
-- Name: debug_mirror_cache; Type: TABLE; Schema: public; Owner: -
--

CREATE TABLE public.debug_mirror_cache (
    cache_key character varying(96) NOT NULL,
    kind character varying(32) NOT NULL,
    guild_id bigint NOT NULL,
    raid_id bigint,
    message_id bigint NOT NULL,
    payload_hash character varying(64) NOT NULL,
    updated_at timestamp with time zone DEFAULT now() NOT NULL
);


--
-- Name: dungeons; Type: TABLE; Schema: public; Owner: -
--

CREATE TABLE public.dungeons (
    id integer NOT NULL,
    name text NOT NULL,
    short_code text NOT NULL,
    is_active boolean DEFAULT true NOT NULL,
    sort_order integer DEFAULT 0 NOT NULL,
    created_at timestamp without time zone DEFAULT now() NOT NULL
);


--
-- Name: dungeons_id_seq; Type: SEQUENCE; Schema: public; Owner: -
--

CREATE SEQUENCE public.dungeons_id_seq
    AS integer
    START WITH 1
    INCREMENT BY 1
    NO MINVALUE
    NO MAXVALUE
    CACHE 1;


--
-- Name: dungeons_id_seq; Type: SEQUENCE OWNED BY; Schema: public; Owner: -
--

ALTER SEQUENCE public.dungeons_id_seq OWNED BY public.dungeons.id;


--
-- Name: guild_settings; Type: TABLE; Schema: public; Owner: -
--

CREATE TABLE public.guild_settings (
    guild_id bigint NOT NULL,
    participants_channel_id bigint,
    raidlist_channel_id bigint,
    raidlist_message_id bigint,
    created_at timestamp with time zone DEFAULT now() NOT NULL,
    updated_at timestamp with time zone DEFAULT now() NOT NULL,
    planner_channel_id bigint,
    guild_name text,
    default_min_players integer DEFAULT 0 NOT NULL,
    templates_enabled boolean DEFAULT true NOT NULL,
    template_manager_role_id bigint
);


--
-- Name: raid_attendance; Type: TABLE; Schema: public; Owner: -
--

CREATE TABLE public.raid_attendance (
    id integer NOT NULL,
    guild_id bigint NOT NULL,
    raid_display_id integer NOT NULL,
    dungeon text NOT NULL,
    user_id bigint NOT NULL,
    status character varying(16) NOT NULL,
    marked_by_user_id bigint,
    created_at timestamp with time zone DEFAULT now() NOT NULL,
    updated_at timestamp with time zone DEFAULT now() NOT NULL
);


--
-- Name: raid_attendance_id_seq; Type: SEQUENCE; Schema: public; Owner: -
--

CREATE SEQUENCE public.raid_attendance_id_seq
    AS integer
    START WITH 1
    INCREMENT BY 1
    NO MINVALUE
    NO MAXVALUE
    CACHE 1;


--
-- Name: raid_attendance_id_seq; Type: SEQUENCE OWNED BY; Schema: public; Owner: -
--

ALTER SEQUENCE public.raid_attendance_id_seq OWNED BY public.raid_attendance.id;


--
-- Name: raid_options; Type: TABLE; Schema: public; Owner: -
--

CREATE TABLE public.raid_options (
    id integer NOT NULL,
    raid_id integer NOT NULL,
    kind text NOT NULL,
    label text NOT NULL,
    created_at timestamp with time zone DEFAULT now() NOT NULL,
    CONSTRAINT raid_options_kind_check CHECK ((kind = ANY (ARRAY['day'::text, 'time'::text])))
);


--
-- Name: raid_options_id_seq; Type: SEQUENCE; Schema: public; Owner: -
--

CREATE SEQUENCE public.raid_options_id_seq
    AS integer
    START WITH 1
    INCREMENT BY 1
    NO MINVALUE
    NO MAXVALUE
    CACHE 1;


--
-- Name: raid_options_id_seq; Type: SEQUENCE OWNED BY; Schema: public; Owner: -
--

ALTER SEQUENCE public.raid_options_id_seq OWNED BY public.raid_options.id;


--
-- Name: raid_posted_slots; Type: TABLE; Schema: public; Owner: -
--

CREATE TABLE public.raid_posted_slots (
    id bigint NOT NULL,
    raid_id bigint NOT NULL,
    day_label text NOT NULL,
    time_label text NOT NULL,
    channel_id bigint,
    message_id bigint,
    posted_at timestamp with time zone DEFAULT now() NOT NULL,
    updated_at timestamp with time zone DEFAULT now() NOT NULL
);


--
-- Name: raid_posted_slots_id_seq; Type: SEQUENCE; Schema: public; Owner: -
--

CREATE SEQUENCE public.raid_posted_slots_id_seq
    START WITH 1
    INCREMENT BY 1
    NO MINVALUE
    NO MAXVALUE
    CACHE 1;


--
-- Name: raid_posted_slots_id_seq; Type: SEQUENCE OWNED BY; Schema: public; Owner: -
--

ALTER SEQUENCE public.raid_posted_slots_id_seq OWNED BY public.raid_posted_slots.id;


--
-- Name: raid_templates; Type: TABLE; Schema: public; Owner: -
--

CREATE TABLE public.raid_templates (
    id integer NOT NULL,
    guild_id bigint NOT NULL,
    dungeon_id integer NOT NULL,
    template_name character varying(80) NOT NULL,
    template_data text NOT NULL,
    created_at timestamp with time zone DEFAULT now() NOT NULL,
    updated_at timestamp with time zone DEFAULT now() NOT NULL
);


--
-- Name: raid_templates_id_seq; Type: SEQUENCE; Schema: public; Owner: -
--

CREATE SEQUENCE public.raid_templates_id_seq
    AS integer
    START WITH 1
    INCREMENT BY 1
    NO MINVALUE
    NO MAXVALUE
    CACHE 1;


--
-- Name: raid_templates_id_seq; Type: SEQUENCE OWNED BY; Schema: public; Owner: -
--

ALTER SEQUENCE public.raid_templates_id_seq OWNED BY public.raid_templates.id;


--
-- Name: raid_votes; Type: TABLE; Schema: public; Owner: -
--

CREATE TABLE public.raid_votes (
    id integer NOT NULL,
    raid_id integer NOT NULL,
    kind text NOT NULL,
    option_label text NOT NULL,
    user_id bigint NOT NULL,
    created_at timestamp with time zone DEFAULT now() NOT NULL,
    CONSTRAINT raid_votes_kind_check CHECK ((kind = ANY (ARRAY['day'::text, 'time'::text])))
);


--
-- Name: raid_votes_id_seq; Type: SEQUENCE; Schema: public; Owner: -
--

CREATE SEQUENCE public.raid_votes_id_seq
    AS integer
    START WITH 1
    INCREMENT BY 1
    NO MINVALUE
    NO MAXVALUE
    CACHE 1;


--
-- Name: raid_votes_id_seq; Type: SEQUENCE OWNED BY; Schema: public; Owner: -
--

ALTER SEQUENCE public.raid_votes_id_seq OWNED BY public.raid_votes.id;


--
-- Name: raids; Type: TABLE; Schema: public; Owner: -
--

CREATE TABLE public.raids (
    id integer NOT NULL,
    guild_id bigint NOT NULL,
    channel_id bigint NOT NULL,
    creator_id bigint NOT NULL,
    dungeon text NOT NULL,
    status text DEFAULT 'open'::text NOT NULL,
    created_at timestamp without time zone DEFAULT now() NOT NULL,
    message_id bigint,
    min_players integer DEFAULT 4 NOT NULL,
    participants_posted boolean DEFAULT false NOT NULL,
    temp_role_id bigint,
    temp_role_created boolean DEFAULT false NOT NULL,
    display_id integer
);


--
-- Name: raids_id_seq; Type: SEQUENCE; Schema: public; Owner: -
--

CREATE SEQUENCE public.raids_id_seq
    AS integer
    START WITH 1
    INCREMENT BY 1
    NO MINVALUE
    NO MAXVALUE
    CACHE 1;


--
-- Name: raids_id_seq; Type: SEQUENCE OWNED BY; Schema: public; Owner: -
--

ALTER SEQUENCE public.raids_id_seq OWNED BY public.raids.id;


--
-- Name: user_levels; Type: TABLE; Schema: public; Owner: -
--

CREATE TABLE public.user_levels (
    guild_id bigint NOT NULL,
    user_id bigint NOT NULL,
    xp integer NOT NULL,
    level integer NOT NULL,
    updated_at timestamp with time zone DEFAULT now() NOT NULL,
    username text
);


--
-- Name: messages; Type: TABLE; Schema: realtime; Owner: -
--

CREATE TABLE realtime.messages (
    topic text NOT NULL,
    extension text NOT NULL,
    payload jsonb,
    event text,
    private boolean DEFAULT false,
    updated_at timestamp without time zone DEFAULT now() NOT NULL,
    inserted_at timestamp without time zone DEFAULT now() NOT NULL,
    id uuid DEFAULT gen_random_uuid() NOT NULL
)
PARTITION BY RANGE (inserted_at);


--
-- Name: schema_migrations; Type: TABLE; Schema: realtime; Owner: -
--

CREATE TABLE realtime.schema_migrations (
    version bigint NOT NULL,
    inserted_at timestamp(0) without time zone
);


--
-- Name: subscription; Type: TABLE; Schema: realtime; Owner: -
--

CREATE TABLE realtime.subscription (
    id bigint NOT NULL,
    subscription_id uuid NOT NULL,
    entity regclass NOT NULL,
    filters realtime.user_defined_filter[] DEFAULT '{}'::realtime.user_defined_filter[] NOT NULL,
    claims jsonb NOT NULL,
    claims_role regrole GENERATED ALWAYS AS (realtime.to_regrole((claims ->> 'role'::text))) STORED NOT NULL,
    created_at timestamp without time zone DEFAULT timezone('utc'::text, now()) NOT NULL,
    action_filter text DEFAULT '*'::text,
    CONSTRAINT subscription_action_filter_check CHECK ((action_filter = ANY (ARRAY['*'::text, 'INSERT'::text, 'UPDATE'::text, 'DELETE'::text])))
);


--
-- Name: subscription_id_seq; Type: SEQUENCE; Schema: realtime; Owner: -
--

ALTER TABLE realtime.subscription ALTER COLUMN id ADD GENERATED ALWAYS AS IDENTITY (
    SEQUENCE NAME realtime.subscription_id_seq
    START WITH 1
    INCREMENT BY 1
    NO MINVALUE
    NO MAXVALUE
    CACHE 1
);


--
-- Name: buckets; Type: TABLE; Schema: storage; Owner: -
--

CREATE TABLE storage.buckets (
    id text NOT NULL,
    name text NOT NULL,
    owner uuid,
    created_at timestamp with time zone DEFAULT now(),
    updated_at timestamp with time zone DEFAULT now(),
    public boolean DEFAULT false,
    avif_autodetection boolean DEFAULT false,
    file_size_limit bigint,
    allowed_mime_types text[],
    owner_id text,
    type storage.buckettype DEFAULT 'STANDARD'::storage.buckettype NOT NULL
);


--
-- Name: COLUMN buckets.owner; Type: COMMENT; Schema: storage; Owner: -
--

COMMENT ON COLUMN storage.buckets.owner IS 'Field is deprecated, use owner_id instead';


--
-- Name: buckets_analytics; Type: TABLE; Schema: storage; Owner: -
--

CREATE TABLE storage.buckets_analytics (
    name text NOT NULL,
    type storage.buckettype DEFAULT 'ANALYTICS'::storage.buckettype NOT NULL,
    format text DEFAULT 'ICEBERG'::text NOT NULL,
    created_at timestamp with time zone DEFAULT now() NOT NULL,
    updated_at timestamp with time zone DEFAULT now() NOT NULL,
    id uuid DEFAULT gen_random_uuid() NOT NULL,
    deleted_at timestamp with time zone
);


--
-- Name: buckets_vectors; Type: TABLE; Schema: storage; Owner: -
--

CREATE TABLE storage.buckets_vectors (
    id text NOT NULL,
    type storage.buckettype DEFAULT 'VECTOR'::storage.buckettype NOT NULL,
    created_at timestamp with time zone DEFAULT now() NOT NULL,
    updated_at timestamp with time zone DEFAULT now() NOT NULL
);


--
-- Name: migrations; Type: TABLE; Schema: storage; Owner: -
--

CREATE TABLE storage.migrations (
    id integer NOT NULL,
    name character varying(100) NOT NULL,
    hash character varying(40) NOT NULL,
    executed_at timestamp without time zone DEFAULT CURRENT_TIMESTAMP
);


--
-- Name: objects; Type: TABLE; Schema: storage; Owner: -
--

CREATE TABLE storage.objects (
    id uuid DEFAULT gen_random_uuid() NOT NULL,
    bucket_id text,
    name text,
    owner uuid,
    created_at timestamp with time zone DEFAULT now(),
    updated_at timestamp with time zone DEFAULT now(),
    last_accessed_at timestamp with time zone DEFAULT now(),
    metadata jsonb,
    path_tokens text[] GENERATED ALWAYS AS (string_to_array(name, '/'::text)) STORED,
    version text,
    owner_id text,
    user_metadata jsonb
);


--
-- Name: COLUMN objects.owner; Type: COMMENT; Schema: storage; Owner: -
--

COMMENT ON COLUMN storage.objects.owner IS 'Field is deprecated, use owner_id instead';


--
-- Name: s3_multipart_uploads; Type: TABLE; Schema: storage; Owner: -
--

CREATE TABLE storage.s3_multipart_uploads (
    id text NOT NULL,
    in_progress_size bigint DEFAULT 0 NOT NULL,
    upload_signature text NOT NULL,
    bucket_id text NOT NULL,
    key text NOT NULL COLLATE pg_catalog."C",
    version text NOT NULL,
    owner_id text,
    created_at timestamp with time zone DEFAULT now() NOT NULL,
    user_metadata jsonb
);


--
-- Name: s3_multipart_uploads_parts; Type: TABLE; Schema: storage; Owner: -
--

CREATE TABLE storage.s3_multipart_uploads_parts (
    id uuid DEFAULT gen_random_uuid() NOT NULL,
    upload_id text NOT NULL,
    size bigint DEFAULT 0 NOT NULL,
    part_number integer NOT NULL,
    bucket_id text NOT NULL,
    key text NOT NULL COLLATE pg_catalog."C",
    etag text NOT NULL,
    owner_id text,
    version text NOT NULL,
    created_at timestamp with time zone DEFAULT now() NOT NULL
);


--
-- Name: vector_indexes; Type: TABLE; Schema: storage; Owner: -
--

CREATE TABLE storage.vector_indexes (
    id text DEFAULT gen_random_uuid() NOT NULL,
    name text NOT NULL COLLATE pg_catalog."C",
    bucket_id text NOT NULL,
    data_type text NOT NULL,
    dimension integer NOT NULL,
    distance_metric text NOT NULL,
    metadata_configuration jsonb,
    created_at timestamp with time zone DEFAULT now() NOT NULL,
    updated_at timestamp with time zone DEFAULT now() NOT NULL
);


--
-- Name: refresh_tokens id; Type: DEFAULT; Schema: auth; Owner: -
--

ALTER TABLE ONLY auth.refresh_tokens ALTER COLUMN id SET DEFAULT nextval('auth.refresh_tokens_id_seq'::regclass);


--
-- Name: dungeons id; Type: DEFAULT; Schema: public; Owner: -
--

ALTER TABLE ONLY public.dungeons ALTER COLUMN id SET DEFAULT nextval('public.dungeons_id_seq'::regclass);


--
-- Name: raid_attendance id; Type: DEFAULT; Schema: public; Owner: -
--

ALTER TABLE ONLY public.raid_attendance ALTER COLUMN id SET DEFAULT nextval('public.raid_attendance_id_seq'::regclass);


--
-- Name: raid_options id; Type: DEFAULT; Schema: public; Owner: -
--

ALTER TABLE ONLY public.raid_options ALTER COLUMN id SET DEFAULT nextval('public.raid_options_id_seq'::regclass);


--
-- Name: raid_posted_slots id; Type: DEFAULT; Schema: public; Owner: -
--

ALTER TABLE ONLY public.raid_posted_slots ALTER COLUMN id SET DEFAULT nextval('public.raid_posted_slots_id_seq'::regclass);


--
-- Name: raid_templates id; Type: DEFAULT; Schema: public; Owner: -
--

ALTER TABLE ONLY public.raid_templates ALTER COLUMN id SET DEFAULT nextval('public.raid_templates_id_seq'::regclass);


--
-- Name: raid_votes id; Type: DEFAULT; Schema: public; Owner: -
--

ALTER TABLE ONLY public.raid_votes ALTER COLUMN id SET DEFAULT nextval('public.raid_votes_id_seq'::regclass);


--
-- Name: raids id; Type: DEFAULT; Schema: public; Owner: -
--

ALTER TABLE ONLY public.raids ALTER COLUMN id SET DEFAULT nextval('public.raids_id_seq'::regclass);


--
-- Data for Name: audit_log_entries; Type: TABLE DATA; Schema: auth; Owner: -
--

COPY auth.audit_log_entries (instance_id, id, payload, created_at, ip_address) FROM stdin;
\.


--
-- Data for Name: flow_state; Type: TABLE DATA; Schema: auth; Owner: -
--

COPY auth.flow_state (id, user_id, auth_code, code_challenge_method, code_challenge, provider_type, provider_access_token, provider_refresh_token, created_at, updated_at, authentication_method, auth_code_issued_at, invite_token, referrer, oauth_client_state_id, linking_target_id, email_optional) FROM stdin;
\.


--
-- Data for Name: identities; Type: TABLE DATA; Schema: auth; Owner: -
--

COPY auth.identities (provider_id, user_id, identity_data, provider, last_sign_in_at, created_at, updated_at, id) FROM stdin;
\.


--
-- Data for Name: instances; Type: TABLE DATA; Schema: auth; Owner: -
--

COPY auth.instances (id, uuid, raw_base_config, created_at, updated_at) FROM stdin;
\.


--
-- Data for Name: mfa_amr_claims; Type: TABLE DATA; Schema: auth; Owner: -
--

COPY auth.mfa_amr_claims (session_id, created_at, updated_at, authentication_method, id) FROM stdin;
\.


--
-- Data for Name: mfa_challenges; Type: TABLE DATA; Schema: auth; Owner: -
--

COPY auth.mfa_challenges (id, factor_id, created_at, verified_at, ip_address, otp_code, web_authn_session_data) FROM stdin;
\.


--
-- Data for Name: mfa_factors; Type: TABLE DATA; Schema: auth; Owner: -
--

COPY auth.mfa_factors (id, user_id, friendly_name, factor_type, status, created_at, updated_at, secret, phone, last_challenged_at, web_authn_credential, web_authn_aaguid, last_webauthn_challenge_data) FROM stdin;
\.


--
-- Data for Name: oauth_authorizations; Type: TABLE DATA; Schema: auth; Owner: -
--

COPY auth.oauth_authorizations (id, authorization_id, client_id, user_id, redirect_uri, scope, state, resource, code_challenge, code_challenge_method, response_type, status, authorization_code, created_at, expires_at, approved_at, nonce) FROM stdin;
\.


--
-- Data for Name: oauth_client_states; Type: TABLE DATA; Schema: auth; Owner: -
--

COPY auth.oauth_client_states (id, provider_type, code_verifier, created_at) FROM stdin;
\.


--
-- Data for Name: oauth_clients; Type: TABLE DATA; Schema: auth; Owner: -
--

COPY auth.oauth_clients (id, client_secret_hash, registration_type, redirect_uris, grant_types, client_name, client_uri, logo_uri, created_at, updated_at, deleted_at, client_type, token_endpoint_auth_method) FROM stdin;
\.


--
-- Data for Name: oauth_consents; Type: TABLE DATA; Schema: auth; Owner: -
--

COPY auth.oauth_consents (id, user_id, client_id, scopes, granted_at, revoked_at) FROM stdin;
\.


--
-- Data for Name: one_time_tokens; Type: TABLE DATA; Schema: auth; Owner: -
--

COPY auth.one_time_tokens (id, user_id, token_type, token_hash, relates_to, created_at, updated_at) FROM stdin;
\.


--
-- Data for Name: refresh_tokens; Type: TABLE DATA; Schema: auth; Owner: -
--

COPY auth.refresh_tokens (instance_id, id, token, user_id, revoked, created_at, updated_at, parent, session_id) FROM stdin;
\.


--
-- Data for Name: saml_providers; Type: TABLE DATA; Schema: auth; Owner: -
--

COPY auth.saml_providers (id, sso_provider_id, entity_id, metadata_xml, metadata_url, attribute_mapping, created_at, updated_at, name_id_format) FROM stdin;
\.


--
-- Data for Name: saml_relay_states; Type: TABLE DATA; Schema: auth; Owner: -
--

COPY auth.saml_relay_states (id, sso_provider_id, request_id, for_email, redirect_to, created_at, updated_at, flow_state_id) FROM stdin;
\.


--
-- Data for Name: schema_migrations; Type: TABLE DATA; Schema: auth; Owner: -
--

COPY auth.schema_migrations (version) FROM stdin;
20171026211738
20171026211808
20171026211834
20180103212743
20180108183307
20180119214651
20180125194653
00
20210710035447
20210722035447
20210730183235
20210909172000
20210927181326
20211122151130
20211124214934
20211202183645
20220114185221
20220114185340
20220224000811
20220323170000
20220429102000
20220531120530
20220614074223
20220811173540
20221003041349
20221003041400
20221011041400
20221020193600
20221021073300
20221021082433
20221027105023
20221114143122
20221114143410
20221125140132
20221208132122
20221215195500
20221215195800
20221215195900
20230116124310
20230116124412
20230131181311
20230322519590
20230402418590
20230411005111
20230508135423
20230523124323
20230818113222
20230914180801
20231027141322
20231114161723
20231117164230
20240115144230
20240214120130
20240306115329
20240314092811
20240427152123
20240612123726
20240729123726
20240802193726
20240806073726
20241009103726
20250717082212
20250731150234
20250804100000
20250901200500
20250903112500
20250904133000
20250925093508
20251007112900
20251104100000
20251111201300
20251201000000
20260115000000
20260121000000
\.


--
-- Data for Name: sessions; Type: TABLE DATA; Schema: auth; Owner: -
--

COPY auth.sessions (id, user_id, created_at, updated_at, factor_id, aal, not_after, refreshed_at, user_agent, ip, tag, oauth_client_id, refresh_token_hmac_key, refresh_token_counter, scopes) FROM stdin;
\.


--
-- Data for Name: sso_domains; Type: TABLE DATA; Schema: auth; Owner: -
--

COPY auth.sso_domains (id, sso_provider_id, domain, created_at, updated_at) FROM stdin;
\.


--
-- Data for Name: sso_providers; Type: TABLE DATA; Schema: auth; Owner: -
--

COPY auth.sso_providers (id, resource_id, created_at, updated_at, disabled) FROM stdin;
\.


--
-- Data for Name: users; Type: TABLE DATA; Schema: auth; Owner: -
--

COPY auth.users (instance_id, id, aud, role, email, encrypted_password, email_confirmed_at, invited_at, confirmation_token, confirmation_sent_at, recovery_token, recovery_sent_at, email_change_token_new, email_change, email_change_sent_at, last_sign_in_at, raw_app_meta_data, raw_user_meta_data, is_super_admin, created_at, updated_at, phone, phone_confirmed_at, phone_change, phone_change_token, phone_change_sent_at, email_change_token_current, email_change_confirm_status, banned_until, reauthentication_token, reauthentication_sent_at, is_sso_user, deleted_at, is_anonymous) FROM stdin;
\.


--
-- Data for Name: debug_mirror_cache; Type: TABLE DATA; Schema: public; Owner: -
--

COPY public.debug_mirror_cache (cache_key, kind, guild_id, raid_id, message_id, payload_hash, updated_at) FROM stdin;
raidlist:1372615584185057382:0	raidlist	1372615584185057382	\N	1471705490579918992	42159b60731c18abc90bcbdc1990be40ac7b7e2e18ceb58253fd9ad6926fe156	2026-02-13 03:12:12.486349+00
memberlist:1372615584185057382:17	memberlist	1372615584185057382	17	1471748730494390282	a0daa6739e73878f787a3c9ce8ff15d39b6e776ef61e9dcb245f86ae4388ac68	2026-02-13 06:04:01.572287+00
memberlist:1372615584185057382:18	memberlist	1372615584185057382	18	1471748739767996439	305ef0dcc99d5db10333833ec3df3f44b51a9501ece043f25f8caccfbb6d3460	2026-02-13 06:04:03.855566+00
\.


--
-- Data for Name: dungeons; Type: TABLE DATA; Schema: public; Owner: -
--

COPY public.dungeons (id, name, short_code, is_active, sort_order, created_at) FROM stdin;
6	Berserk Arena	berserk_arena	t	1	2026-02-11 13:09:04.364027
7	Shopping Mall	shopping_mall	t	2	2026-02-11 13:09:04.364027
8	Ancient Ruins of Secret	ancient_ruins_of_secret	t	3	2026-02-11 13:09:04.364027
9	Crack of Devimon (Instance Dungeon)	crack_of_devimon	t	4	2026-02-11 13:09:04.364027
10	Crack of Devimon (Instance Dungeon)(Hard Mode)	crack_of_devimon_hard	t	5	2026-02-11 13:09:04.364027
11	Datamon Maze (Hero)	datamon_maze_hero	t	6	2026-02-11 13:09:04.364027
12	Green Zone (Advanced)	green_zone_advanced	t	7	2026-02-11 13:09:04.364027
13	GreenZone (Night) (Guild)	greenzone_night_guild	t	8	2026-02-11 13:09:04.364027
14	Bagramon's Domain	bagramons_domain	t	9	2026-02-11 13:09:04.364027
15	GreenZone (EX)	greenzone_ex	t	10	2026-02-11 13:09:04.364027
16	Shadow Labyrinth	shadow_labyrinth	t	11	2026-02-11 13:09:04.364027
17	Scar of Water Crystal	scar_of_water_crystal	t	12	2026-02-11 13:09:04.364027
18	Scar of Water Crystal (Hard Mode)	scar_of_water_crystal_hard	t	13	2026-02-11 13:09:04.364027
19	Scar of Water Crystal (SSS)	scar_of_water_crystal_sss	t	14	2026-02-11 13:09:04.364027
20	Descending Thunder God	descending_thunder_god	t	15	2026-02-11 13:09:04.364027
21	Descending Thunder God (SSS)	descending_thunder_god_sss	t	16	2026-02-11 13:09:04.364027
22	Boundaries of Yin and Yang	boundaries_of_yin_and_yang	t	17	2026-02-11 13:09:04.364027
23	Boundaries of Yin and Yang (SSS)	boundaries_of_yin_and_yang_sss	t	18	2026-02-11 13:09:04.364027
24	Royal Knight's Dominion	royal_knights_dominion	t	19	2026-02-11 13:09:04.364027
25	Royal Base	royal_base	t	20	2026-02-11 13:09:04.364027
26	Royal Base Hard	royal_base_hard	t	21	2026-02-11 13:09:04.364027
27	Tokyo Tower Observatory (Dungeon)	tokyo_tower_observatory_dungeon	t	22	2026-02-11 13:09:04.364027
28	Rainbow Bridge	rainbow_bridge	t	23	2026-02-11 13:09:04.364027
29	Fuji TV Rooftop (Dungeon)	fuji_tv_rooftop_dungeon	t	24	2026-02-11 13:09:04.364027
30	Venomous Vortex	venomous_vortex	t	25	2026-02-11 13:09:04.364027
31	Chaotic Battle Field	chaotic_battle_field	t	26	2026-02-11 13:09:04.364027
32	Burning Battle Field	burning_battle_field	t	27	2026-02-11 13:09:04.364027
33	Final Battle	final_battle	t	28	2026-02-11 13:09:04.364027
34	Marine Dragon Domain	marine_dragon_domain	t	29	2026-02-11 13:09:04.364027
35	Front Yard of Marionette Mansion	front_yard_of_marionette_mansion	t	30	2026-02-11 13:09:04.364027
36	Back of the Empire	back_of_the_empire	t	31	2026-02-11 13:09:04.364027
37	Stage Of Clown	stage_of_clown	t	32	2026-02-11 13:09:04.364027
38	Infinite Mountain Dungeon 2.0	infinite_mountain_dungeon_2_0	t	33	2026-02-11 13:09:04.364027
39	Vajramon Dungeon (SSS)	vajramon_dungeon_sss	t	34	2026-02-11 13:09:04.364027
40	Vajramon Dungeon (Hard)	vajramon_dungeon_hard	t	35	2026-02-11 13:09:04.364027
41	Vikaralamon Dungeon (SSS)	vikaralamon_dungeon_sss	t	36	2026-02-11 13:09:04.364027
42	Vikaralamon Dungeon (Hard)	vikaralamon_dungeon_hard	t	37	2026-02-11 13:09:04.364027
43	Odaiba Park	odaiba_park	t	38	2026-02-11 13:09:04.364027
44	Abyss Dungeon	abyss_dungeon	t	39	2026-02-11 13:09:04.364027
45	Royal Base Hard R1	royal_base_hard_r1	t	40	2026-02-11 20:00:00
46	Infinite Mountain Dungeon	infinite_mountain_dungeon	t	40	2026-02-11 20:00:00
47	Infinite Mountain Dungeon 3.0	infinite_mountain_dungeon_3.0	t	41	2026-02-11 20:00:00
\.


--
-- Data for Name: guild_settings; Type: TABLE DATA; Schema: public; Owner: -
--

COPY public.guild_settings (guild_id, participants_channel_id, raidlist_channel_id, raidlist_message_id, created_at, updated_at, planner_channel_id, guild_name, default_min_players, templates_enabled, template_manager_role_id) FROM stdin;
1372615584185057382	1471517485890277480	1471517194989867174	1471517862056165535	2026-02-12 14:42:36.266073+00	2026-02-12 14:46:38.275592+00	1373359310008225802	\N	0	t	\N
1471638702316060836	\N	\N	\N	2026-02-13 06:39:20.915865+00	2026-02-13 06:39:20.915865+00	\N	Bot Log Server	0	t	\N
\.


--
-- Data for Name: raid_attendance; Type: TABLE DATA; Schema: public; Owner: -
--

COPY public.raid_attendance (id, guild_id, raid_display_id, dungeon, user_id, status, marked_by_user_id, created_at, updated_at) FROM stdin;
\.


--
-- Data for Name: raid_options; Type: TABLE DATA; Schema: public; Owner: -
--

COPY public.raid_options (id, raid_id, kind, label, created_at) FROM stdin;
50	17	day	So	2026-02-12 14:48:52.486425+00
51	17	time	18:20Uhr	2026-02-12 14:48:52.486425+00
52	17	time	19:20Uhr	2026-02-12 14:48:52.486425+00
53	17	time	20:20Uhr	2026-02-12 14:48:52.486425+00
54	18	day	Sa	2026-02-12 14:51:18.203954+00
55	18	time	18:20Uhr	2026-02-12 14:51:18.203954+00
56	18	time	19:20Uhr	2026-02-12 14:51:18.203954+00
57	18	time	20:20Uhr	2026-02-12 14:51:18.203954+00
\.


--
-- Data for Name: raid_posted_slots; Type: TABLE DATA; Schema: public; Owner: -
--

COPY public.raid_posted_slots (id, raid_id, day_label, time_label, channel_id, message_id, posted_at, updated_at) FROM stdin;
15	18	Sa	18:20Uhr	1471517485890277480	1471519171740303555	2026-02-12 14:51:49.075989+00	2026-02-12 14:51:49.075989+00
16	18	Sa	19:20Uhr	1471517485890277480	1471519175301271737	2026-02-12 14:51:49.075989+00	2026-02-12 14:51:49.075989+00
17	18	Sa	20:20Uhr	1471517485890277480	1471519178010792112	2026-02-12 14:51:49.075989+00	2026-02-12 14:51:49.075989+00
\.


--
-- Data for Name: raid_templates; Type: TABLE DATA; Schema: public; Owner: -
--

COPY public.raid_templates (id, guild_id, dungeon_id, template_name, template_data, created_at, updated_at) FROM stdin;
\.


--
-- Data for Name: raid_votes; Type: TABLE DATA; Schema: public; Owner: -
--

COPY public.raid_votes (id, raid_id, kind, option_label, user_id, created_at) FROM stdin;
28	17	day	So	403988960638009347	2026-02-12 14:51:26.63846+00
29	17	time	19:20Uhr	403988960638009347	2026-02-12 14:51:34.97966+00
30	17	time	20:20Uhr	403988960638009347	2026-02-12 14:51:34.97966+00
31	17	time	18:20Uhr	403988960638009347	2026-02-12 14:51:34.97966+00
33	18	time	18:20Uhr	403988960638009347	2026-02-12 14:51:48.0686+00
34	18	time	19:20Uhr	403988960638009347	2026-02-12 14:51:48.0686+00
35	18	time	20:20Uhr	403988960638009347	2026-02-12 14:51:48.0686+00
39	18	time	20:20Uhr	584032338544164894	2026-02-12 14:59:12.562563+00
41	18	time	20:20Uhr	266187954781683713	2026-02-12 14:59:29.379296+00
42	17	day	So	176295857321148416	2026-02-12 14:59:42.583383+00
43	17	time	20:20Uhr	266187954781683713	2026-02-12 14:59:44.759394+00
46	18	day	Sa	584032338544164894	2026-02-12 15:01:21.31741+00
47	17	day	So	475191951969353729	2026-02-12 15:27:21.376782+00
48	17	time	18:20Uhr	475191951969353729	2026-02-12 15:27:30.50855+00
50	18	time	20:20Uhr	475191951969353729	2026-02-12 15:27:50.32332+00
51	18	day	Sa	396800889031229462	2026-02-12 15:35:32.976111+00
52	18	time	18:20Uhr	396800889031229462	2026-02-12 15:35:44.297415+00
53	18	time	19:20Uhr	396800889031229462	2026-02-12 15:35:44.297415+00
54	18	time	20:20Uhr	396800889031229462	2026-02-12 15:35:44.297415+00
55	17	day	So	396800889031229462	2026-02-12 15:36:17.056821+00
56	17	time	18:20Uhr	396800889031229462	2026-02-12 15:36:22.313844+00
57	17	time	19:20Uhr	396800889031229462	2026-02-12 15:36:22.313844+00
58	17	time	20:20Uhr	396800889031229462	2026-02-12 15:36:22.313844+00
59	18	day	Sa	486293848222334986	2026-02-12 15:56:30.494483+00
60	18	day	Sa	403988960638009347	2026-02-12 18:08:35.535567+00
61	18	day	Sa	463135641186729990	2026-02-12 23:11:57.228361+00
62	18	time	20:20Uhr	463135641186729990	2026-02-12 23:12:02.230184+00
65	17	day	So	415205357015531531	2026-02-12 23:13:44.074045+00
66	17	time	19:20Uhr	415205357015531531	2026-02-12 23:13:47.768692+00
\.


--
-- Data for Name: raids; Type: TABLE DATA; Schema: public; Owner: -
--

COPY public.raids (id, guild_id, channel_id, creator_id, dungeon, status, created_at, message_id, min_players, participants_posted, temp_role_id, temp_role_created, display_id) FROM stdin;
17	1372615584185057382	1373359310008225802	403988960638009347	GreenZone (Night) (Guild)	open	2026-02-12 14:48:52.486425	1471518428614627464	4	f	1471519077645422754	t	1
18	1372615584185057382	1373359310008225802	403988960638009347	Infinite Mountain Dungeon 2.0	open	2026-02-12 14:51:18.203954	1471519039795761235	1	f	1471519142401150996	t	2
\.


--
-- Data for Name: user_levels; Type: TABLE DATA; Schema: public; Owner: -
--

COPY public.user_levels (guild_id, user_id, xp, level, updated_at, username) FROM stdin;
1372615584185057382	383012232935768075	170	1	2026-02-12 21:28:37.95256+00	\N
1372615584185057382	283001321286664192	141	1	2026-02-12 21:43:22.080784+00	\N
1372615584185057382	176295857321148416	151	1	2026-02-12 22:34:24.666452+00	\N
1372615584185057382	176678419621216257	52	0	2026-02-12 22:43:25.562031+00	\N
1372615584185057382	486973808733847591	102	1	2026-02-12 22:43:25.562031+00	\N
1372615584185057382	396800889031229462	22	0	2026-02-12 22:43:25.562031+00	\N
1372615584185057382	486293848222334986	2	0	2026-02-12 22:43:25.562031+00	\N
1372615584185057382	463135641186729990	21	0	2026-02-12 22:44:27.008926+00	\N
1471638702316060836	403988960638009347	20	0	2026-02-13 01:06:27.825567+00	Unknown_Nobody
1372615584185057382	403988960638009347	202	1	2026-02-13 06:33:50.458239+00	Natsu117
\.


--
-- Data for Name: schema_migrations; Type: TABLE DATA; Schema: realtime; Owner: -
--

COPY realtime.schema_migrations (version, inserted_at) FROM stdin;
20211116024918	2026-02-11 07:01:34
20211116045059	2026-02-11 07:01:35
20211116050929	2026-02-11 07:01:35
20211116051442	2026-02-11 08:54:19
20211116212300	2026-02-11 08:54:19
20211116213355	2026-02-11 08:54:19
20211116213934	2026-02-11 08:54:20
20211116214523	2026-02-11 08:54:20
20211122062447	2026-02-11 08:54:20
20211124070109	2026-02-11 08:54:20
20211202204204	2026-02-11 08:54:20
20211202204605	2026-02-11 08:54:20
20211210212804	2026-02-11 08:54:21
20211228014915	2026-02-11 08:54:21
20220107221237	2026-02-11 08:54:21
20220228202821	2026-02-11 08:54:21
20220312004840	2026-02-11 08:54:21
20220603231003	2026-02-11 08:54:22
20220603232444	2026-02-11 08:54:22
20220615214548	2026-02-11 08:54:22
20220712093339	2026-02-11 08:54:22
20220908172859	2026-02-11 08:54:22
20220916233421	2026-02-11 08:54:22
20230119133233	2026-02-11 08:54:22
20230128025114	2026-02-11 08:54:23
20230128025212	2026-02-11 08:54:23
20230227211149	2026-02-11 08:54:23
20230228184745	2026-02-11 08:54:23
20230308225145	2026-02-11 08:54:23
20230328144023	2026-02-11 08:54:23
20231018144023	2026-02-11 08:54:23
20231204144023	2026-02-11 08:54:24
20231204144024	2026-02-11 08:54:24
20231204144025	2026-02-11 08:54:24
20240108234812	2026-02-11 08:54:24
20240109165339	2026-02-11 08:54:24
20240227174441	2026-02-11 08:54:24
20240311171622	2026-02-11 08:54:24
20240321100241	2026-02-11 08:54:25
20240401105812	2026-02-11 08:54:25
20240418121054	2026-02-11 08:54:25
20240523004032	2026-02-11 08:54:26
20240618124746	2026-02-11 08:54:26
20240801235015	2026-02-11 08:54:26
20240805133720	2026-02-11 08:54:26
20240827160934	2026-02-11 08:54:26
20240919163303	2026-02-11 08:54:26
20240919163305	2026-02-11 08:54:27
20241019105805	2026-02-11 08:54:27
20241030150047	2026-02-11 08:54:27
20241108114728	2026-02-11 08:54:27
20241121104152	2026-02-11 08:54:28
20241130184212	2026-02-11 08:54:28
20241220035512	2026-02-11 08:54:28
20241220123912	2026-02-11 08:54:28
20241224161212	2026-02-11 08:54:28
20250107150512	2026-02-11 08:54:28
20250110162412	2026-02-11 08:54:28
20250123174212	2026-02-11 08:54:28
20250128220012	2026-02-11 08:54:29
20250506224012	2026-02-11 08:54:29
20250523164012	2026-02-11 08:54:29
20250714121412	2026-02-11 08:54:29
20250905041441	2026-02-11 08:54:29
20251103001201	2026-02-11 08:54:29
20251120212548	2026-02-11 08:54:29
20251120215549	2026-02-11 08:54:29
\.


--
-- Data for Name: subscription; Type: TABLE DATA; Schema: realtime; Owner: -
--

COPY realtime.subscription (id, subscription_id, entity, filters, claims, created_at, action_filter) FROM stdin;
\.


--
-- Data for Name: buckets; Type: TABLE DATA; Schema: storage; Owner: -
--

COPY storage.buckets (id, name, owner, created_at, updated_at, public, avif_autodetection, file_size_limit, allowed_mime_types, owner_id, type) FROM stdin;
\.


--
-- Data for Name: buckets_analytics; Type: TABLE DATA; Schema: storage; Owner: -
--

COPY storage.buckets_analytics (name, type, format, created_at, updated_at, id, deleted_at) FROM stdin;
\.


--
-- Data for Name: buckets_vectors; Type: TABLE DATA; Schema: storage; Owner: -
--

COPY storage.buckets_vectors (id, type, created_at, updated_at) FROM stdin;
\.


--
-- Data for Name: migrations; Type: TABLE DATA; Schema: storage; Owner: -
--

COPY storage.migrations (id, name, hash, executed_at) FROM stdin;
0	create-migrations-table	e18db593bcde2aca2a408c4d1100f6abba2195df	2026-02-11 07:02:02.068183
1	initialmigration	6ab16121fbaa08bbd11b712d05f358f9b555d777	2026-02-11 07:02:02.111041
2	storage-schema	f6a1fa2c93cbcd16d4e487b362e45fca157a8dbd	2026-02-11 07:02:02.118567
3	pathtoken-column	2cb1b0004b817b29d5b0a971af16bafeede4b70d	2026-02-11 07:02:02.144636
4	add-migrations-rls	427c5b63fe1c5937495d9c635c263ee7a5905058	2026-02-11 07:02:02.155456
5	add-size-functions	79e081a1455b63666c1294a440f8ad4b1e6a7f84	2026-02-11 07:02:02.158508
6	change-column-name-in-get-size	ded78e2f1b5d7e616117897e6443a925965b30d2	2026-02-11 07:02:02.162367
7	add-rls-to-buckets	e7e7f86adbc51049f341dfe8d30256c1abca17aa	2026-02-11 07:02:02.166151
8	add-public-to-buckets	fd670db39ed65f9d08b01db09d6202503ca2bab3	2026-02-11 07:02:02.169136
9	fix-search-function	af597a1b590c70519b464a4ab3be54490712796b	2026-02-11 07:02:02.172418
10	search-files-search-function	b595f05e92f7e91211af1bbfe9c6a13bb3391e16	2026-02-11 07:02:02.175725
11	add-trigger-to-auto-update-updated_at-column	7425bdb14366d1739fa8a18c83100636d74dcaa2	2026-02-11 07:02:02.179178
12	add-automatic-avif-detection-flag	8e92e1266eb29518b6a4c5313ab8f29dd0d08df9	2026-02-11 07:02:02.182745
13	add-bucket-custom-limits	cce962054138135cd9a8c4bcd531598684b25e7d	2026-02-11 07:02:02.186091
14	use-bytes-for-max-size	941c41b346f9802b411f06f30e972ad4744dad27	2026-02-11 07:02:02.18999
15	add-can-insert-object-function	934146bc38ead475f4ef4b555c524ee5d66799e5	2026-02-11 07:02:02.214343
16	add-version	76debf38d3fd07dcfc747ca49096457d95b1221b	2026-02-11 07:02:02.217811
17	drop-owner-foreign-key	f1cbb288f1b7a4c1eb8c38504b80ae2a0153d101	2026-02-11 07:02:02.22099
18	add_owner_id_column_deprecate_owner	e7a511b379110b08e2f214be852c35414749fe66	2026-02-11 07:02:02.224395
19	alter-default-value-objects-id	02e5e22a78626187e00d173dc45f58fa66a4f043	2026-02-11 07:02:02.229704
20	list-objects-with-delimiter	cd694ae708e51ba82bf012bba00caf4f3b6393b7	2026-02-11 07:02:02.233089
21	s3-multipart-uploads	8c804d4a566c40cd1e4cc5b3725a664a9303657f	2026-02-11 07:02:02.237608
22	s3-multipart-uploads-big-ints	9737dc258d2397953c9953d9b86920b8be0cdb73	2026-02-11 07:02:02.24971
23	optimize-search-function	9d7e604cddc4b56a5422dc68c9313f4a1b6f132c	2026-02-11 07:02:02.257663
24	operation-function	8312e37c2bf9e76bbe841aa5fda889206d2bf8aa	2026-02-11 07:02:02.261077
25	custom-metadata	d974c6057c3db1c1f847afa0e291e6165693b990	2026-02-11 07:02:02.264404
26	objects-prefixes	215cabcb7f78121892a5a2037a09fedf9a1ae322	2026-02-11 07:02:02.267792
27	search-v2	859ba38092ac96eb3964d83bf53ccc0b141663a6	2026-02-11 07:02:02.270647
28	object-bucket-name-sorting	c73a2b5b5d4041e39705814fd3a1b95502d38ce4	2026-02-11 07:02:02.273582
29	create-prefixes	ad2c1207f76703d11a9f9007f821620017a66c21	2026-02-11 07:02:02.27641
30	update-object-levels	2be814ff05c8252fdfdc7cfb4b7f5c7e17f0bed6	2026-02-11 07:02:02.279353
31	objects-level-index	b40367c14c3440ec75f19bbce2d71e914ddd3da0	2026-02-11 07:02:02.282478
32	backward-compatible-index-on-objects	e0c37182b0f7aee3efd823298fb3c76f1042c0f7	2026-02-11 07:02:02.285496
33	backward-compatible-index-on-prefixes	b480e99ed951e0900f033ec4eb34b5bdcb4e3d49	2026-02-11 07:02:02.288502
34	optimize-search-function-v1	ca80a3dc7bfef894df17108785ce29a7fc8ee456	2026-02-11 07:02:02.291537
35	add-insert-trigger-prefixes	458fe0ffd07ec53f5e3ce9df51bfdf4861929ccc	2026-02-11 07:02:02.294515
36	optimise-existing-functions	6ae5fca6af5c55abe95369cd4f93985d1814ca8f	2026-02-11 07:02:02.297501
37	add-bucket-name-length-trigger	3944135b4e3e8b22d6d4cbb568fe3b0b51df15c1	2026-02-11 07:02:02.300673
38	iceberg-catalog-flag-on-buckets	02716b81ceec9705aed84aa1501657095b32e5c5	2026-02-11 07:02:02.304912
39	add-search-v2-sort-support	6706c5f2928846abee18461279799ad12b279b78	2026-02-11 07:02:02.315624
40	fix-prefix-race-conditions-optimized	7ad69982ae2d372b21f48fc4829ae9752c518f6b	2026-02-11 07:02:02.318551
41	add-object-level-update-trigger	07fcf1a22165849b7a029deed059ffcde08d1ae0	2026-02-11 07:02:02.32163
42	rollback-prefix-triggers	771479077764adc09e2ea2043eb627503c034cd4	2026-02-11 07:02:02.324654
43	fix-object-level	84b35d6caca9d937478ad8a797491f38b8c2979f	2026-02-11 07:02:02.327723
44	vector-bucket-type	99c20c0ffd52bb1ff1f32fb992f3b351e3ef8fb3	2026-02-11 07:02:02.330808
45	vector-buckets	049e27196d77a7cb76497a85afae669d8b230953	2026-02-11 07:02:02.334642
46	buckets-objects-grants	fedeb96d60fefd8e02ab3ded9fbde05632f84aed	2026-02-11 07:02:02.343086
47	iceberg-table-metadata	649df56855c24d8b36dd4cc1aeb8251aa9ad42c2	2026-02-11 07:02:02.346829
48	iceberg-catalog-ids	e0e8b460c609b9999ccd0df9ad14294613eed939	2026-02-11 07:02:02.350038
49	buckets-objects-grants-postgres	072b1195d0d5a2f888af6b2302a1938dd94b8b3d	2026-02-11 07:02:02.364226
50	search-v2-optimised	6323ac4f850aa14e7387eb32102869578b5bd478	2026-02-11 07:02:02.368107
51	index-backward-compatible-search	2ee395d433f76e38bcd3856debaf6e0e5b674011	2026-02-11 07:02:03.025069
52	drop-not-used-indexes-and-functions	5cc44c8696749ac11dd0dc37f2a3802075f3a171	2026-02-11 07:02:03.026865
53	drop-index-lower-name	d0cb18777d9e2a98ebe0bc5cc7a42e57ebe41854	2026-02-11 07:02:03.03632
54	drop-index-object-level	6289e048b1472da17c31a7eba1ded625a6457e67	2026-02-11 07:02:03.038607
55	prevent-direct-deletes	262a4798d5e0f2e7c8970232e03ce8be695d5819	2026-02-11 07:02:03.040444
56	fix-optimized-search-function	cb58526ebc23048049fd5bf2fd148d18b04a2073	2026-02-11 07:02:03.044798
\.


--
-- Data for Name: objects; Type: TABLE DATA; Schema: storage; Owner: -
--

COPY storage.objects (id, bucket_id, name, owner, created_at, updated_at, last_accessed_at, metadata, version, owner_id, user_metadata) FROM stdin;
\.


--
-- Data for Name: s3_multipart_uploads; Type: TABLE DATA; Schema: storage; Owner: -
--

COPY storage.s3_multipart_uploads (id, in_progress_size, upload_signature, bucket_id, key, version, owner_id, created_at, user_metadata) FROM stdin;
\.


--
-- Data for Name: s3_multipart_uploads_parts; Type: TABLE DATA; Schema: storage; Owner: -
--

COPY storage.s3_multipart_uploads_parts (id, upload_id, size, part_number, bucket_id, key, etag, owner_id, version, created_at) FROM stdin;
\.


--
-- Data for Name: vector_indexes; Type: TABLE DATA; Schema: storage; Owner: -
--

COPY storage.vector_indexes (id, name, bucket_id, data_type, dimension, distance_metric, metadata_configuration, created_at, updated_at) FROM stdin;
\.


--
-- Data for Name: secrets; Type: TABLE DATA; Schema: vault; Owner: -
--

COPY vault.secrets (id, name, description, secret, key_id, nonce, created_at, updated_at) FROM stdin;
\.


--
-- Name: refresh_tokens_id_seq; Type: SEQUENCE SET; Schema: auth; Owner: -
--

SELECT pg_catalog.setval('auth.refresh_tokens_id_seq', 1, false);


--
-- Name: dungeons_id_seq; Type: SEQUENCE SET; Schema: public; Owner: -
--

SELECT pg_catalog.setval('public.dungeons_id_seq', 47, true);


--
-- Name: raid_attendance_id_seq; Type: SEQUENCE SET; Schema: public; Owner: -
--

SELECT pg_catalog.setval('public.raid_attendance_id_seq', 1, false);


--
-- Name: raid_options_id_seq; Type: SEQUENCE SET; Schema: public; Owner: -
--

SELECT pg_catalog.setval('public.raid_options_id_seq', 57, true);


--
-- Name: raid_posted_slots_id_seq; Type: SEQUENCE SET; Schema: public; Owner: -
--

SELECT pg_catalog.setval('public.raid_posted_slots_id_seq', 17, true);


--
-- Name: raid_templates_id_seq; Type: SEQUENCE SET; Schema: public; Owner: -
--

SELECT pg_catalog.setval('public.raid_templates_id_seq', 1, false);


--
-- Name: raid_votes_id_seq; Type: SEQUENCE SET; Schema: public; Owner: -
--

SELECT pg_catalog.setval('public.raid_votes_id_seq', 66, true);


--
-- Name: raids_id_seq; Type: SEQUENCE SET; Schema: public; Owner: -
--

SELECT pg_catalog.setval('public.raids_id_seq', 18, true);


--
-- Name: subscription_id_seq; Type: SEQUENCE SET; Schema: realtime; Owner: -
--

SELECT pg_catalog.setval('realtime.subscription_id_seq', 1, false);


--
-- Name: mfa_amr_claims amr_id_pk; Type: CONSTRAINT; Schema: auth; Owner: -
--

ALTER TABLE ONLY auth.mfa_amr_claims
    ADD CONSTRAINT amr_id_pk PRIMARY KEY (id);


--
-- Name: audit_log_entries audit_log_entries_pkey; Type: CONSTRAINT; Schema: auth; Owner: -
--

ALTER TABLE ONLY auth.audit_log_entries
    ADD CONSTRAINT audit_log_entries_pkey PRIMARY KEY (id);


--
-- Name: flow_state flow_state_pkey; Type: CONSTRAINT; Schema: auth; Owner: -
--

ALTER TABLE ONLY auth.flow_state
    ADD CONSTRAINT flow_state_pkey PRIMARY KEY (id);


--
-- Name: identities identities_pkey; Type: CONSTRAINT; Schema: auth; Owner: -
--

ALTER TABLE ONLY auth.identities
    ADD CONSTRAINT identities_pkey PRIMARY KEY (id);


--
-- Name: identities identities_provider_id_provider_unique; Type: CONSTRAINT; Schema: auth; Owner: -
--

ALTER TABLE ONLY auth.identities
    ADD CONSTRAINT identities_provider_id_provider_unique UNIQUE (provider_id, provider);


--
-- Name: instances instances_pkey; Type: CONSTRAINT; Schema: auth; Owner: -
--

ALTER TABLE ONLY auth.instances
    ADD CONSTRAINT instances_pkey PRIMARY KEY (id);


--
-- Name: mfa_amr_claims mfa_amr_claims_session_id_authentication_method_pkey; Type: CONSTRAINT; Schema: auth; Owner: -
--

ALTER TABLE ONLY auth.mfa_amr_claims
    ADD CONSTRAINT mfa_amr_claims_session_id_authentication_method_pkey UNIQUE (session_id, authentication_method);


--
-- Name: mfa_challenges mfa_challenges_pkey; Type: CONSTRAINT; Schema: auth; Owner: -
--

ALTER TABLE ONLY auth.mfa_challenges
    ADD CONSTRAINT mfa_challenges_pkey PRIMARY KEY (id);


--
-- Name: mfa_factors mfa_factors_last_challenged_at_key; Type: CONSTRAINT; Schema: auth; Owner: -
--

ALTER TABLE ONLY auth.mfa_factors
    ADD CONSTRAINT mfa_factors_last_challenged_at_key UNIQUE (last_challenged_at);


--
-- Name: mfa_factors mfa_factors_pkey; Type: CONSTRAINT; Schema: auth; Owner: -
--

ALTER TABLE ONLY auth.mfa_factors
    ADD CONSTRAINT mfa_factors_pkey PRIMARY KEY (id);


--
-- Name: oauth_authorizations oauth_authorizations_authorization_code_key; Type: CONSTRAINT; Schema: auth; Owner: -
--

ALTER TABLE ONLY auth.oauth_authorizations
    ADD CONSTRAINT oauth_authorizations_authorization_code_key UNIQUE (authorization_code);


--
-- Name: oauth_authorizations oauth_authorizations_authorization_id_key; Type: CONSTRAINT; Schema: auth; Owner: -
--

ALTER TABLE ONLY auth.oauth_authorizations
    ADD CONSTRAINT oauth_authorizations_authorization_id_key UNIQUE (authorization_id);


--
-- Name: oauth_authorizations oauth_authorizations_pkey; Type: CONSTRAINT; Schema: auth; Owner: -
--

ALTER TABLE ONLY auth.oauth_authorizations
    ADD CONSTRAINT oauth_authorizations_pkey PRIMARY KEY (id);


--
-- Name: oauth_client_states oauth_client_states_pkey; Type: CONSTRAINT; Schema: auth; Owner: -
--

ALTER TABLE ONLY auth.oauth_client_states
    ADD CONSTRAINT oauth_client_states_pkey PRIMARY KEY (id);


--
-- Name: oauth_clients oauth_clients_pkey; Type: CONSTRAINT; Schema: auth; Owner: -
--

ALTER TABLE ONLY auth.oauth_clients
    ADD CONSTRAINT oauth_clients_pkey PRIMARY KEY (id);


--
-- Name: oauth_consents oauth_consents_pkey; Type: CONSTRAINT; Schema: auth; Owner: -
--

ALTER TABLE ONLY auth.oauth_consents
    ADD CONSTRAINT oauth_consents_pkey PRIMARY KEY (id);


--
-- Name: oauth_consents oauth_consents_user_client_unique; Type: CONSTRAINT; Schema: auth; Owner: -
--

ALTER TABLE ONLY auth.oauth_consents
    ADD CONSTRAINT oauth_consents_user_client_unique UNIQUE (user_id, client_id);


--
-- Name: one_time_tokens one_time_tokens_pkey; Type: CONSTRAINT; Schema: auth; Owner: -
--

ALTER TABLE ONLY auth.one_time_tokens
    ADD CONSTRAINT one_time_tokens_pkey PRIMARY KEY (id);


--
-- Name: refresh_tokens refresh_tokens_pkey; Type: CONSTRAINT; Schema: auth; Owner: -
--

ALTER TABLE ONLY auth.refresh_tokens
    ADD CONSTRAINT refresh_tokens_pkey PRIMARY KEY (id);


--
-- Name: refresh_tokens refresh_tokens_token_unique; Type: CONSTRAINT; Schema: auth; Owner: -
--

ALTER TABLE ONLY auth.refresh_tokens
    ADD CONSTRAINT refresh_tokens_token_unique UNIQUE (token);


--
-- Name: saml_providers saml_providers_entity_id_key; Type: CONSTRAINT; Schema: auth; Owner: -
--

ALTER TABLE ONLY auth.saml_providers
    ADD CONSTRAINT saml_providers_entity_id_key UNIQUE (entity_id);


--
-- Name: saml_providers saml_providers_pkey; Type: CONSTRAINT; Schema: auth; Owner: -
--

ALTER TABLE ONLY auth.saml_providers
    ADD CONSTRAINT saml_providers_pkey PRIMARY KEY (id);


--
-- Name: saml_relay_states saml_relay_states_pkey; Type: CONSTRAINT; Schema: auth; Owner: -
--

ALTER TABLE ONLY auth.saml_relay_states
    ADD CONSTRAINT saml_relay_states_pkey PRIMARY KEY (id);


--
-- Name: schema_migrations schema_migrations_pkey; Type: CONSTRAINT; Schema: auth; Owner: -
--

ALTER TABLE ONLY auth.schema_migrations
    ADD CONSTRAINT schema_migrations_pkey PRIMARY KEY (version);


--
-- Name: sessions sessions_pkey; Type: CONSTRAINT; Schema: auth; Owner: -
--

ALTER TABLE ONLY auth.sessions
    ADD CONSTRAINT sessions_pkey PRIMARY KEY (id);


--
-- Name: sso_domains sso_domains_pkey; Type: CONSTRAINT; Schema: auth; Owner: -
--

ALTER TABLE ONLY auth.sso_domains
    ADD CONSTRAINT sso_domains_pkey PRIMARY KEY (id);


--
-- Name: sso_providers sso_providers_pkey; Type: CONSTRAINT; Schema: auth; Owner: -
--

ALTER TABLE ONLY auth.sso_providers
    ADD CONSTRAINT sso_providers_pkey PRIMARY KEY (id);


--
-- Name: users users_phone_key; Type: CONSTRAINT; Schema: auth; Owner: -
--

ALTER TABLE ONLY auth.users
    ADD CONSTRAINT users_phone_key UNIQUE (phone);


--
-- Name: users users_pkey; Type: CONSTRAINT; Schema: auth; Owner: -
--

ALTER TABLE ONLY auth.users
    ADD CONSTRAINT users_pkey PRIMARY KEY (id);


--
-- Name: debug_mirror_cache debug_mirror_cache_pkey; Type: CONSTRAINT; Schema: public; Owner: -
--

ALTER TABLE ONLY public.debug_mirror_cache
    ADD CONSTRAINT debug_mirror_cache_pkey PRIMARY KEY (cache_key);


--
-- Name: dungeons dungeons_pkey; Type: CONSTRAINT; Schema: public; Owner: -
--

ALTER TABLE ONLY public.dungeons
    ADD CONSTRAINT dungeons_pkey PRIMARY KEY (id);


--
-- Name: dungeons dungeons_short_code_key; Type: CONSTRAINT; Schema: public; Owner: -
--

ALTER TABLE ONLY public.dungeons
    ADD CONSTRAINT dungeons_short_code_key UNIQUE (short_code);


--
-- Name: guild_settings guild_settings_pkey; Type: CONSTRAINT; Schema: public; Owner: -
--

ALTER TABLE ONLY public.guild_settings
    ADD CONSTRAINT guild_settings_pkey PRIMARY KEY (guild_id);


--
-- Name: raid_attendance raid_attendance_pkey; Type: CONSTRAINT; Schema: public; Owner: -
--

ALTER TABLE ONLY public.raid_attendance
    ADD CONSTRAINT raid_attendance_pkey PRIMARY KEY (id);


--
-- Name: raid_options raid_options_pkey; Type: CONSTRAINT; Schema: public; Owner: -
--

ALTER TABLE ONLY public.raid_options
    ADD CONSTRAINT raid_options_pkey PRIMARY KEY (id);


--
-- Name: raid_posted_slots raid_posted_slots_pkey; Type: CONSTRAINT; Schema: public; Owner: -
--

ALTER TABLE ONLY public.raid_posted_slots
    ADD CONSTRAINT raid_posted_slots_pkey PRIMARY KEY (id);


--
-- Name: raid_posted_slots raid_posted_slots_raid_id_day_label_time_label_key; Type: CONSTRAINT; Schema: public; Owner: -
--

ALTER TABLE ONLY public.raid_posted_slots
    ADD CONSTRAINT raid_posted_slots_raid_id_day_label_time_label_key UNIQUE (raid_id, day_label, time_label);


--
-- Name: raid_templates raid_templates_pkey; Type: CONSTRAINT; Schema: public; Owner: -
--

ALTER TABLE ONLY public.raid_templates
    ADD CONSTRAINT raid_templates_pkey PRIMARY KEY (id);


--
-- Name: raid_votes raid_votes_pkey; Type: CONSTRAINT; Schema: public; Owner: -
--

ALTER TABLE ONLY public.raid_votes
    ADD CONSTRAINT raid_votes_pkey PRIMARY KEY (id);


--
-- Name: raids raids_pkey; Type: CONSTRAINT; Schema: public; Owner: -
--

ALTER TABLE ONLY public.raids
    ADD CONSTRAINT raids_pkey PRIMARY KEY (id);


--
-- Name: raid_templates uq_raid_templates_guild_dungeon_name; Type: CONSTRAINT; Schema: public; Owner: -
--

ALTER TABLE ONLY public.raid_templates
    ADD CONSTRAINT uq_raid_templates_guild_dungeon_name UNIQUE (guild_id, dungeon_id, template_name);


--
-- Name: user_levels user_levels_pkey; Type: CONSTRAINT; Schema: public; Owner: -
--

ALTER TABLE ONLY public.user_levels
    ADD CONSTRAINT user_levels_pkey PRIMARY KEY (guild_id, user_id);


--
-- Name: messages messages_pkey; Type: CONSTRAINT; Schema: realtime; Owner: -
--

ALTER TABLE ONLY realtime.messages
    ADD CONSTRAINT messages_pkey PRIMARY KEY (id, inserted_at);


--
-- Name: subscription pk_subscription; Type: CONSTRAINT; Schema: realtime; Owner: -
--

ALTER TABLE ONLY realtime.subscription
    ADD CONSTRAINT pk_subscription PRIMARY KEY (id);


--
-- Name: schema_migrations schema_migrations_pkey; Type: CONSTRAINT; Schema: realtime; Owner: -
--

ALTER TABLE ONLY realtime.schema_migrations
    ADD CONSTRAINT schema_migrations_pkey PRIMARY KEY (version);


--
-- Name: buckets_analytics buckets_analytics_pkey; Type: CONSTRAINT; Schema: storage; Owner: -
--

ALTER TABLE ONLY storage.buckets_analytics
    ADD CONSTRAINT buckets_analytics_pkey PRIMARY KEY (id);


--
-- Name: buckets buckets_pkey; Type: CONSTRAINT; Schema: storage; Owner: -
--

ALTER TABLE ONLY storage.buckets
    ADD CONSTRAINT buckets_pkey PRIMARY KEY (id);


--
-- Name: buckets_vectors buckets_vectors_pkey; Type: CONSTRAINT; Schema: storage; Owner: -
--

ALTER TABLE ONLY storage.buckets_vectors
    ADD CONSTRAINT buckets_vectors_pkey PRIMARY KEY (id);


--
-- Name: migrations migrations_name_key; Type: CONSTRAINT; Schema: storage; Owner: -
--

ALTER TABLE ONLY storage.migrations
    ADD CONSTRAINT migrations_name_key UNIQUE (name);


--
-- Name: migrations migrations_pkey; Type: CONSTRAINT; Schema: storage; Owner: -
--

ALTER TABLE ONLY storage.migrations
    ADD CONSTRAINT migrations_pkey PRIMARY KEY (id);


--
-- Name: objects objects_pkey; Type: CONSTRAINT; Schema: storage; Owner: -
--

ALTER TABLE ONLY storage.objects
    ADD CONSTRAINT objects_pkey PRIMARY KEY (id);


--
-- Name: s3_multipart_uploads_parts s3_multipart_uploads_parts_pkey; Type: CONSTRAINT; Schema: storage; Owner: -
--

ALTER TABLE ONLY storage.s3_multipart_uploads_parts
    ADD CONSTRAINT s3_multipart_uploads_parts_pkey PRIMARY KEY (id);


--
-- Name: s3_multipart_uploads s3_multipart_uploads_pkey; Type: CONSTRAINT; Schema: storage; Owner: -
--

ALTER TABLE ONLY storage.s3_multipart_uploads
    ADD CONSTRAINT s3_multipart_uploads_pkey PRIMARY KEY (id);


--
-- Name: vector_indexes vector_indexes_pkey; Type: CONSTRAINT; Schema: storage; Owner: -
--

ALTER TABLE ONLY storage.vector_indexes
    ADD CONSTRAINT vector_indexes_pkey PRIMARY KEY (id);


--
-- Name: audit_logs_instance_id_idx; Type: INDEX; Schema: auth; Owner: -
--

CREATE INDEX audit_logs_instance_id_idx ON auth.audit_log_entries USING btree (instance_id);


--
-- Name: confirmation_token_idx; Type: INDEX; Schema: auth; Owner: -
--

CREATE UNIQUE INDEX confirmation_token_idx ON auth.users USING btree (confirmation_token) WHERE ((confirmation_token)::text !~ '^[0-9 ]*$'::text);


--
-- Name: email_change_token_current_idx; Type: INDEX; Schema: auth; Owner: -
--

CREATE UNIQUE INDEX email_change_token_current_idx ON auth.users USING btree (email_change_token_current) WHERE ((email_change_token_current)::text !~ '^[0-9 ]*$'::text);


--
-- Name: email_change_token_new_idx; Type: INDEX; Schema: auth; Owner: -
--

CREATE UNIQUE INDEX email_change_token_new_idx ON auth.users USING btree (email_change_token_new) WHERE ((email_change_token_new)::text !~ '^[0-9 ]*$'::text);


--
-- Name: factor_id_created_at_idx; Type: INDEX; Schema: auth; Owner: -
--

CREATE INDEX factor_id_created_at_idx ON auth.mfa_factors USING btree (user_id, created_at);


--
-- Name: flow_state_created_at_idx; Type: INDEX; Schema: auth; Owner: -
--

CREATE INDEX flow_state_created_at_idx ON auth.flow_state USING btree (created_at DESC);


--
-- Name: identities_email_idx; Type: INDEX; Schema: auth; Owner: -
--

CREATE INDEX identities_email_idx ON auth.identities USING btree (email text_pattern_ops);


--
-- Name: INDEX identities_email_idx; Type: COMMENT; Schema: auth; Owner: -
--

COMMENT ON INDEX auth.identities_email_idx IS 'Auth: Ensures indexed queries on the email column';


--
-- Name: identities_user_id_idx; Type: INDEX; Schema: auth; Owner: -
--

CREATE INDEX identities_user_id_idx ON auth.identities USING btree (user_id);


--
-- Name: idx_auth_code; Type: INDEX; Schema: auth; Owner: -
--

CREATE INDEX idx_auth_code ON auth.flow_state USING btree (auth_code);


--
-- Name: idx_oauth_client_states_created_at; Type: INDEX; Schema: auth; Owner: -
--

CREATE INDEX idx_oauth_client_states_created_at ON auth.oauth_client_states USING btree (created_at);


--
-- Name: idx_user_id_auth_method; Type: INDEX; Schema: auth; Owner: -
--

CREATE INDEX idx_user_id_auth_method ON auth.flow_state USING btree (user_id, authentication_method);


--
-- Name: mfa_challenge_created_at_idx; Type: INDEX; Schema: auth; Owner: -
--

CREATE INDEX mfa_challenge_created_at_idx ON auth.mfa_challenges USING btree (created_at DESC);


--
-- Name: mfa_factors_user_friendly_name_unique; Type: INDEX; Schema: auth; Owner: -
--

CREATE UNIQUE INDEX mfa_factors_user_friendly_name_unique ON auth.mfa_factors USING btree (friendly_name, user_id) WHERE (TRIM(BOTH FROM friendly_name) <> ''::text);


--
-- Name: mfa_factors_user_id_idx; Type: INDEX; Schema: auth; Owner: -
--

CREATE INDEX mfa_factors_user_id_idx ON auth.mfa_factors USING btree (user_id);


--
-- Name: oauth_auth_pending_exp_idx; Type: INDEX; Schema: auth; Owner: -
--

CREATE INDEX oauth_auth_pending_exp_idx ON auth.oauth_authorizations USING btree (expires_at) WHERE (status = 'pending'::auth.oauth_authorization_status);


--
-- Name: oauth_clients_deleted_at_idx; Type: INDEX; Schema: auth; Owner: -
--

CREATE INDEX oauth_clients_deleted_at_idx ON auth.oauth_clients USING btree (deleted_at);


--
-- Name: oauth_consents_active_client_idx; Type: INDEX; Schema: auth; Owner: -
--

CREATE INDEX oauth_consents_active_client_idx ON auth.oauth_consents USING btree (client_id) WHERE (revoked_at IS NULL);


--
-- Name: oauth_consents_active_user_client_idx; Type: INDEX; Schema: auth; Owner: -
--

CREATE INDEX oauth_consents_active_user_client_idx ON auth.oauth_consents USING btree (user_id, client_id) WHERE (revoked_at IS NULL);


--
-- Name: oauth_consents_user_order_idx; Type: INDEX; Schema: auth; Owner: -
--

CREATE INDEX oauth_consents_user_order_idx ON auth.oauth_consents USING btree (user_id, granted_at DESC);


--
-- Name: one_time_tokens_relates_to_hash_idx; Type: INDEX; Schema: auth; Owner: -
--

CREATE INDEX one_time_tokens_relates_to_hash_idx ON auth.one_time_tokens USING hash (relates_to);


--
-- Name: one_time_tokens_token_hash_hash_idx; Type: INDEX; Schema: auth; Owner: -
--

CREATE INDEX one_time_tokens_token_hash_hash_idx ON auth.one_time_tokens USING hash (token_hash);


--
-- Name: one_time_tokens_user_id_token_type_key; Type: INDEX; Schema: auth; Owner: -
--

CREATE UNIQUE INDEX one_time_tokens_user_id_token_type_key ON auth.one_time_tokens USING btree (user_id, token_type);


--
-- Name: reauthentication_token_idx; Type: INDEX; Schema: auth; Owner: -
--

CREATE UNIQUE INDEX reauthentication_token_idx ON auth.users USING btree (reauthentication_token) WHERE ((reauthentication_token)::text !~ '^[0-9 ]*$'::text);


--
-- Name: recovery_token_idx; Type: INDEX; Schema: auth; Owner: -
--

CREATE UNIQUE INDEX recovery_token_idx ON auth.users USING btree (recovery_token) WHERE ((recovery_token)::text !~ '^[0-9 ]*$'::text);


--
-- Name: refresh_tokens_instance_id_idx; Type: INDEX; Schema: auth; Owner: -
--

CREATE INDEX refresh_tokens_instance_id_idx ON auth.refresh_tokens USING btree (instance_id);


--
-- Name: refresh_tokens_instance_id_user_id_idx; Type: INDEX; Schema: auth; Owner: -
--

CREATE INDEX refresh_tokens_instance_id_user_id_idx ON auth.refresh_tokens USING btree (instance_id, user_id);


--
-- Name: refresh_tokens_parent_idx; Type: INDEX; Schema: auth; Owner: -
--

CREATE INDEX refresh_tokens_parent_idx ON auth.refresh_tokens USING btree (parent);


--
-- Name: refresh_tokens_session_id_revoked_idx; Type: INDEX; Schema: auth; Owner: -
--

CREATE INDEX refresh_tokens_session_id_revoked_idx ON auth.refresh_tokens USING btree (session_id, revoked);


--
-- Name: refresh_tokens_updated_at_idx; Type: INDEX; Schema: auth; Owner: -
--

CREATE INDEX refresh_tokens_updated_at_idx ON auth.refresh_tokens USING btree (updated_at DESC);


--
-- Name: saml_providers_sso_provider_id_idx; Type: INDEX; Schema: auth; Owner: -
--

CREATE INDEX saml_providers_sso_provider_id_idx ON auth.saml_providers USING btree (sso_provider_id);


--
-- Name: saml_relay_states_created_at_idx; Type: INDEX; Schema: auth; Owner: -
--

CREATE INDEX saml_relay_states_created_at_idx ON auth.saml_relay_states USING btree (created_at DESC);


--
-- Name: saml_relay_states_for_email_idx; Type: INDEX; Schema: auth; Owner: -
--

CREATE INDEX saml_relay_states_for_email_idx ON auth.saml_relay_states USING btree (for_email);


--
-- Name: saml_relay_states_sso_provider_id_idx; Type: INDEX; Schema: auth; Owner: -
--

CREATE INDEX saml_relay_states_sso_provider_id_idx ON auth.saml_relay_states USING btree (sso_provider_id);


--
-- Name: sessions_not_after_idx; Type: INDEX; Schema: auth; Owner: -
--

CREATE INDEX sessions_not_after_idx ON auth.sessions USING btree (not_after DESC);


--
-- Name: sessions_oauth_client_id_idx; Type: INDEX; Schema: auth; Owner: -
--

CREATE INDEX sessions_oauth_client_id_idx ON auth.sessions USING btree (oauth_client_id);


--
-- Name: sessions_user_id_idx; Type: INDEX; Schema: auth; Owner: -
--

CREATE INDEX sessions_user_id_idx ON auth.sessions USING btree (user_id);


--
-- Name: sso_domains_domain_idx; Type: INDEX; Schema: auth; Owner: -
--

CREATE UNIQUE INDEX sso_domains_domain_idx ON auth.sso_domains USING btree (lower(domain));


--
-- Name: sso_domains_sso_provider_id_idx; Type: INDEX; Schema: auth; Owner: -
--

CREATE INDEX sso_domains_sso_provider_id_idx ON auth.sso_domains USING btree (sso_provider_id);


--
-- Name: sso_providers_resource_id_idx; Type: INDEX; Schema: auth; Owner: -
--

CREATE UNIQUE INDEX sso_providers_resource_id_idx ON auth.sso_providers USING btree (lower(resource_id));


--
-- Name: sso_providers_resource_id_pattern_idx; Type: INDEX; Schema: auth; Owner: -
--

CREATE INDEX sso_providers_resource_id_pattern_idx ON auth.sso_providers USING btree (resource_id text_pattern_ops);


--
-- Name: unique_phone_factor_per_user; Type: INDEX; Schema: auth; Owner: -
--

CREATE UNIQUE INDEX unique_phone_factor_per_user ON auth.mfa_factors USING btree (user_id, phone);


--
-- Name: user_id_created_at_idx; Type: INDEX; Schema: auth; Owner: -
--

CREATE INDEX user_id_created_at_idx ON auth.sessions USING btree (user_id, created_at);


--
-- Name: users_email_partial_key; Type: INDEX; Schema: auth; Owner: -
--

CREATE UNIQUE INDEX users_email_partial_key ON auth.users USING btree (email) WHERE (is_sso_user = false);


--
-- Name: INDEX users_email_partial_key; Type: COMMENT; Schema: auth; Owner: -
--

COMMENT ON INDEX auth.users_email_partial_key IS 'Auth: A partial unique index that applies only when is_sso_user is false';


--
-- Name: users_instance_id_email_idx; Type: INDEX; Schema: auth; Owner: -
--

CREATE INDEX users_instance_id_email_idx ON auth.users USING btree (instance_id, lower((email)::text));


--
-- Name: users_instance_id_idx; Type: INDEX; Schema: auth; Owner: -
--

CREATE INDEX users_instance_id_idx ON auth.users USING btree (instance_id);


--
-- Name: users_is_anonymous_idx; Type: INDEX; Schema: auth; Owner: -
--

CREATE INDEX users_is_anonymous_idx ON auth.users USING btree (is_anonymous);


--
-- Name: idx_dungeons_active_sort; Type: INDEX; Schema: public; Owner: -
--

CREATE INDEX idx_dungeons_active_sort ON public.dungeons USING btree (is_active, sort_order, name);


--
-- Name: idx_raid_options_raid_kind; Type: INDEX; Schema: public; Owner: -
--

CREATE INDEX idx_raid_options_raid_kind ON public.raid_options USING btree (raid_id, kind);


--
-- Name: idx_raid_posted_slots_message; Type: INDEX; Schema: public; Owner: -
--

CREATE INDEX idx_raid_posted_slots_message ON public.raid_posted_slots USING btree (message_id);


--
-- Name: idx_raid_posted_slots_raid; Type: INDEX; Schema: public; Owner: -
--

CREATE INDEX idx_raid_posted_slots_raid ON public.raid_posted_slots USING btree (raid_id);


--
-- Name: idx_raid_votes_raid_kind; Type: INDEX; Schema: public; Owner: -
--

CREATE INDEX idx_raid_votes_raid_kind ON public.raid_votes USING btree (raid_id, kind);


--
-- Name: idx_raid_votes_raid_kind_label; Type: INDEX; Schema: public; Owner: -
--

CREATE INDEX idx_raid_votes_raid_kind_label ON public.raid_votes USING btree (raid_id, kind, option_label);


--
-- Name: idx_raid_votes_raid_kind_user; Type: INDEX; Schema: public; Owner: -
--

CREATE INDEX idx_raid_votes_raid_kind_user ON public.raid_votes USING btree (raid_id, kind, user_id);


--
-- Name: idx_raids_channel; Type: INDEX; Schema: public; Owner: -
--

CREATE INDEX idx_raids_channel ON public.raids USING btree (channel_id);


--
-- Name: idx_raids_guild_status; Type: INDEX; Schema: public; Owner: -
--

CREATE INDEX idx_raids_guild_status ON public.raids USING btree (guild_id, status);


--
-- Name: idx_raids_guild_status_created; Type: INDEX; Schema: public; Owner: -
--

CREATE INDEX idx_raids_guild_status_created ON public.raids USING btree (guild_id, status, created_at DESC);


--
-- Name: ix_debug_mirror_cache_guild_id; Type: INDEX; Schema: public; Owner: -
--

CREATE INDEX ix_debug_mirror_cache_guild_id ON public.debug_mirror_cache USING btree (guild_id);


--
-- Name: ix_debug_mirror_cache_kind; Type: INDEX; Schema: public; Owner: -
--

CREATE INDEX ix_debug_mirror_cache_kind ON public.debug_mirror_cache USING btree (kind);


--
-- Name: ix_debug_mirror_cache_kind_guild_raid; Type: INDEX; Schema: public; Owner: -
--

CREATE INDEX ix_debug_mirror_cache_kind_guild_raid ON public.debug_mirror_cache USING btree (kind, guild_id, raid_id);


--
-- Name: ix_debug_mirror_cache_raid_id; Type: INDEX; Schema: public; Owner: -
--

CREATE INDEX ix_debug_mirror_cache_raid_id ON public.debug_mirror_cache USING btree (raid_id);


--
-- Name: ix_raid_attendance_guild_id; Type: INDEX; Schema: public; Owner: -
--

CREATE INDEX ix_raid_attendance_guild_id ON public.raid_attendance USING btree (guild_id);


--
-- Name: ix_raid_attendance_lookup; Type: INDEX; Schema: public; Owner: -
--

CREATE INDEX ix_raid_attendance_lookup ON public.raid_attendance USING btree (guild_id, raid_display_id);


--
-- Name: ix_raid_attendance_raid_display_id; Type: INDEX; Schema: public; Owner: -
--

CREATE INDEX ix_raid_attendance_raid_display_id ON public.raid_attendance USING btree (raid_display_id);


--
-- Name: ix_raid_attendance_status; Type: INDEX; Schema: public; Owner: -
--

CREATE INDEX ix_raid_attendance_status ON public.raid_attendance USING btree (status);


--
-- Name: ix_raid_attendance_unique_user; Type: INDEX; Schema: public; Owner: -
--

CREATE UNIQUE INDEX ix_raid_attendance_unique_user ON public.raid_attendance USING btree (guild_id, raid_display_id, user_id);


--
-- Name: ix_raid_attendance_user_id; Type: INDEX; Schema: public; Owner: -
--

CREATE INDEX ix_raid_attendance_user_id ON public.raid_attendance USING btree (user_id);


--
-- Name: ix_raid_templates_dungeon_id; Type: INDEX; Schema: public; Owner: -
--

CREATE INDEX ix_raid_templates_dungeon_id ON public.raid_templates USING btree (dungeon_id);


--
-- Name: ix_raid_templates_guild_id; Type: INDEX; Schema: public; Owner: -
--

CREATE INDEX ix_raid_templates_guild_id ON public.raid_templates USING btree (guild_id);


--
-- Name: ix_raids_guild_display_id_unique; Type: INDEX; Schema: public; Owner: -
--

CREATE UNIQUE INDEX ix_raids_guild_display_id_unique ON public.raids USING btree (guild_id, display_id);


--
-- Name: ix_user_levels_guild_level; Type: INDEX; Schema: public; Owner: -
--

CREATE INDEX ix_user_levels_guild_level ON public.user_levels USING btree (guild_id, level);


--
-- Name: uq_dungeons_name; Type: INDEX; Schema: public; Owner: -
--

CREATE UNIQUE INDEX uq_dungeons_name ON public.dungeons USING btree (name);


--
-- Name: uq_dungeons_short_code; Type: INDEX; Schema: public; Owner: -
--

CREATE UNIQUE INDEX uq_dungeons_short_code ON public.dungeons USING btree (short_code) WHERE (short_code IS NOT NULL);


--
-- Name: uq_raid_options_raid_kind_label; Type: INDEX; Schema: public; Owner: -
--

CREATE UNIQUE INDEX uq_raid_options_raid_kind_label ON public.raid_options USING btree (raid_id, kind, label);


--
-- Name: uq_raid_votes_unique; Type: INDEX; Schema: public; Owner: -
--

CREATE UNIQUE INDEX uq_raid_votes_unique ON public.raid_votes USING btree (raid_id, kind, option_label, user_id);


--
-- Name: ix_realtime_subscription_entity; Type: INDEX; Schema: realtime; Owner: -
--

CREATE INDEX ix_realtime_subscription_entity ON realtime.subscription USING btree (entity);


--
-- Name: messages_inserted_at_topic_index; Type: INDEX; Schema: realtime; Owner: -
--

CREATE INDEX messages_inserted_at_topic_index ON ONLY realtime.messages USING btree (inserted_at DESC, topic) WHERE ((extension = 'broadcast'::text) AND (private IS TRUE));


--
-- Name: subscription_subscription_id_entity_filters_action_filter_key; Type: INDEX; Schema: realtime; Owner: -
--

CREATE UNIQUE INDEX subscription_subscription_id_entity_filters_action_filter_key ON realtime.subscription USING btree (subscription_id, entity, filters, action_filter);


--
-- Name: bname; Type: INDEX; Schema: storage; Owner: -
--

CREATE UNIQUE INDEX bname ON storage.buckets USING btree (name);


--
-- Name: bucketid_objname; Type: INDEX; Schema: storage; Owner: -
--

CREATE UNIQUE INDEX bucketid_objname ON storage.objects USING btree (bucket_id, name);


--
-- Name: buckets_analytics_unique_name_idx; Type: INDEX; Schema: storage; Owner: -
--

CREATE UNIQUE INDEX buckets_analytics_unique_name_idx ON storage.buckets_analytics USING btree (name) WHERE (deleted_at IS NULL);


--
-- Name: idx_multipart_uploads_list; Type: INDEX; Schema: storage; Owner: -
--

CREATE INDEX idx_multipart_uploads_list ON storage.s3_multipart_uploads USING btree (bucket_id, key, created_at);


--
-- Name: idx_objects_bucket_id_name; Type: INDEX; Schema: storage; Owner: -
--

CREATE INDEX idx_objects_bucket_id_name ON storage.objects USING btree (bucket_id, name COLLATE "C");


--
-- Name: idx_objects_bucket_id_name_lower; Type: INDEX; Schema: storage; Owner: -
--

CREATE INDEX idx_objects_bucket_id_name_lower ON storage.objects USING btree (bucket_id, lower(name) COLLATE "C");


--
-- Name: name_prefix_search; Type: INDEX; Schema: storage; Owner: -
--

CREATE INDEX name_prefix_search ON storage.objects USING btree (name text_pattern_ops);


--
-- Name: vector_indexes_name_bucket_id_idx; Type: INDEX; Schema: storage; Owner: -
--

CREATE UNIQUE INDEX vector_indexes_name_bucket_id_idx ON storage.vector_indexes USING btree (name, bucket_id);


--
-- Name: guild_settings trg_guild_settings_updated_at; Type: TRIGGER; Schema: public; Owner: -
--

CREATE TRIGGER trg_guild_settings_updated_at BEFORE UPDATE ON public.guild_settings FOR EACH ROW EXECUTE FUNCTION public.set_updated_at();


--
-- Name: raid_posted_slots trg_raid_posted_slots_updated_at; Type: TRIGGER; Schema: public; Owner: -
--

CREATE TRIGGER trg_raid_posted_slots_updated_at BEFORE UPDATE ON public.raid_posted_slots FOR EACH ROW EXECUTE FUNCTION public.set_updated_at();


--
-- Name: subscription tr_check_filters; Type: TRIGGER; Schema: realtime; Owner: -
--

CREATE TRIGGER tr_check_filters BEFORE INSERT OR UPDATE ON realtime.subscription FOR EACH ROW EXECUTE FUNCTION realtime.subscription_check_filters();


--
-- Name: buckets enforce_bucket_name_length_trigger; Type: TRIGGER; Schema: storage; Owner: -
--

CREATE TRIGGER enforce_bucket_name_length_trigger BEFORE INSERT OR UPDATE OF name ON storage.buckets FOR EACH ROW EXECUTE FUNCTION storage.enforce_bucket_name_length();


--
-- Name: buckets protect_buckets_delete; Type: TRIGGER; Schema: storage; Owner: -
--

CREATE TRIGGER protect_buckets_delete BEFORE DELETE ON storage.buckets FOR EACH STATEMENT EXECUTE FUNCTION storage.protect_delete();


--
-- Name: objects protect_objects_delete; Type: TRIGGER; Schema: storage; Owner: -
--

CREATE TRIGGER protect_objects_delete BEFORE DELETE ON storage.objects FOR EACH STATEMENT EXECUTE FUNCTION storage.protect_delete();


--
-- Name: objects update_objects_updated_at; Type: TRIGGER; Schema: storage; Owner: -
--

CREATE TRIGGER update_objects_updated_at BEFORE UPDATE ON storage.objects FOR EACH ROW EXECUTE FUNCTION storage.update_updated_at_column();


--
-- Name: identities identities_user_id_fkey; Type: FK CONSTRAINT; Schema: auth; Owner: -
--

ALTER TABLE ONLY auth.identities
    ADD CONSTRAINT identities_user_id_fkey FOREIGN KEY (user_id) REFERENCES auth.users(id) ON DELETE CASCADE;


--
-- Name: mfa_amr_claims mfa_amr_claims_session_id_fkey; Type: FK CONSTRAINT; Schema: auth; Owner: -
--

ALTER TABLE ONLY auth.mfa_amr_claims
    ADD CONSTRAINT mfa_amr_claims_session_id_fkey FOREIGN KEY (session_id) REFERENCES auth.sessions(id) ON DELETE CASCADE;


--
-- Name: mfa_challenges mfa_challenges_auth_factor_id_fkey; Type: FK CONSTRAINT; Schema: auth; Owner: -
--

ALTER TABLE ONLY auth.mfa_challenges
    ADD CONSTRAINT mfa_challenges_auth_factor_id_fkey FOREIGN KEY (factor_id) REFERENCES auth.mfa_factors(id) ON DELETE CASCADE;


--
-- Name: mfa_factors mfa_factors_user_id_fkey; Type: FK CONSTRAINT; Schema: auth; Owner: -
--

ALTER TABLE ONLY auth.mfa_factors
    ADD CONSTRAINT mfa_factors_user_id_fkey FOREIGN KEY (user_id) REFERENCES auth.users(id) ON DELETE CASCADE;


--
-- Name: oauth_authorizations oauth_authorizations_client_id_fkey; Type: FK CONSTRAINT; Schema: auth; Owner: -
--

ALTER TABLE ONLY auth.oauth_authorizations
    ADD CONSTRAINT oauth_authorizations_client_id_fkey FOREIGN KEY (client_id) REFERENCES auth.oauth_clients(id) ON DELETE CASCADE;


--
-- Name: oauth_authorizations oauth_authorizations_user_id_fkey; Type: FK CONSTRAINT; Schema: auth; Owner: -
--

ALTER TABLE ONLY auth.oauth_authorizations
    ADD CONSTRAINT oauth_authorizations_user_id_fkey FOREIGN KEY (user_id) REFERENCES auth.users(id) ON DELETE CASCADE;


--
-- Name: oauth_consents oauth_consents_client_id_fkey; Type: FK CONSTRAINT; Schema: auth; Owner: -
--

ALTER TABLE ONLY auth.oauth_consents
    ADD CONSTRAINT oauth_consents_client_id_fkey FOREIGN KEY (client_id) REFERENCES auth.oauth_clients(id) ON DELETE CASCADE;


--
-- Name: oauth_consents oauth_consents_user_id_fkey; Type: FK CONSTRAINT; Schema: auth; Owner: -
--

ALTER TABLE ONLY auth.oauth_consents
    ADD CONSTRAINT oauth_consents_user_id_fkey FOREIGN KEY (user_id) REFERENCES auth.users(id) ON DELETE CASCADE;


--
-- Name: one_time_tokens one_time_tokens_user_id_fkey; Type: FK CONSTRAINT; Schema: auth; Owner: -
--

ALTER TABLE ONLY auth.one_time_tokens
    ADD CONSTRAINT one_time_tokens_user_id_fkey FOREIGN KEY (user_id) REFERENCES auth.users(id) ON DELETE CASCADE;


--
-- Name: refresh_tokens refresh_tokens_session_id_fkey; Type: FK CONSTRAINT; Schema: auth; Owner: -
--

ALTER TABLE ONLY auth.refresh_tokens
    ADD CONSTRAINT refresh_tokens_session_id_fkey FOREIGN KEY (session_id) REFERENCES auth.sessions(id) ON DELETE CASCADE;


--
-- Name: saml_providers saml_providers_sso_provider_id_fkey; Type: FK CONSTRAINT; Schema: auth; Owner: -
--

ALTER TABLE ONLY auth.saml_providers
    ADD CONSTRAINT saml_providers_sso_provider_id_fkey FOREIGN KEY (sso_provider_id) REFERENCES auth.sso_providers(id) ON DELETE CASCADE;


--
-- Name: saml_relay_states saml_relay_states_flow_state_id_fkey; Type: FK CONSTRAINT; Schema: auth; Owner: -
--

ALTER TABLE ONLY auth.saml_relay_states
    ADD CONSTRAINT saml_relay_states_flow_state_id_fkey FOREIGN KEY (flow_state_id) REFERENCES auth.flow_state(id) ON DELETE CASCADE;


--
-- Name: saml_relay_states saml_relay_states_sso_provider_id_fkey; Type: FK CONSTRAINT; Schema: auth; Owner: -
--

ALTER TABLE ONLY auth.saml_relay_states
    ADD CONSTRAINT saml_relay_states_sso_provider_id_fkey FOREIGN KEY (sso_provider_id) REFERENCES auth.sso_providers(id) ON DELETE CASCADE;


--
-- Name: sessions sessions_oauth_client_id_fkey; Type: FK CONSTRAINT; Schema: auth; Owner: -
--

ALTER TABLE ONLY auth.sessions
    ADD CONSTRAINT sessions_oauth_client_id_fkey FOREIGN KEY (oauth_client_id) REFERENCES auth.oauth_clients(id) ON DELETE CASCADE;


--
-- Name: sessions sessions_user_id_fkey; Type: FK CONSTRAINT; Schema: auth; Owner: -
--

ALTER TABLE ONLY auth.sessions
    ADD CONSTRAINT sessions_user_id_fkey FOREIGN KEY (user_id) REFERENCES auth.users(id) ON DELETE CASCADE;


--
-- Name: sso_domains sso_domains_sso_provider_id_fkey; Type: FK CONSTRAINT; Schema: auth; Owner: -
--

ALTER TABLE ONLY auth.sso_domains
    ADD CONSTRAINT sso_domains_sso_provider_id_fkey FOREIGN KEY (sso_provider_id) REFERENCES auth.sso_providers(id) ON DELETE CASCADE;


--
-- Name: raid_options raid_options_raid_id_fkey; Type: FK CONSTRAINT; Schema: public; Owner: -
--

ALTER TABLE ONLY public.raid_options
    ADD CONSTRAINT raid_options_raid_id_fkey FOREIGN KEY (raid_id) REFERENCES public.raids(id) ON DELETE CASCADE;


--
-- Name: raid_posted_slots raid_posted_slots_raid_id_fkey; Type: FK CONSTRAINT; Schema: public; Owner: -
--

ALTER TABLE ONLY public.raid_posted_slots
    ADD CONSTRAINT raid_posted_slots_raid_id_fkey FOREIGN KEY (raid_id) REFERENCES public.raids(id) ON DELETE CASCADE;


--
-- Name: raid_templates raid_templates_dungeon_id_fkey; Type: FK CONSTRAINT; Schema: public; Owner: -
--

ALTER TABLE ONLY public.raid_templates
    ADD CONSTRAINT raid_templates_dungeon_id_fkey FOREIGN KEY (dungeon_id) REFERENCES public.dungeons(id) ON DELETE CASCADE;


--
-- Name: raid_templates raid_templates_guild_id_fkey; Type: FK CONSTRAINT; Schema: public; Owner: -
--

ALTER TABLE ONLY public.raid_templates
    ADD CONSTRAINT raid_templates_guild_id_fkey FOREIGN KEY (guild_id) REFERENCES public.guild_settings(guild_id) ON DELETE CASCADE;


--
-- Name: raid_votes raid_votes_raid_id_fkey; Type: FK CONSTRAINT; Schema: public; Owner: -
--

ALTER TABLE ONLY public.raid_votes
    ADD CONSTRAINT raid_votes_raid_id_fkey FOREIGN KEY (raid_id) REFERENCES public.raids(id) ON DELETE CASCADE;


--
-- Name: objects objects_bucketId_fkey; Type: FK CONSTRAINT; Schema: storage; Owner: -
--

ALTER TABLE ONLY storage.objects
    ADD CONSTRAINT "objects_bucketId_fkey" FOREIGN KEY (bucket_id) REFERENCES storage.buckets(id);


--
-- Name: s3_multipart_uploads s3_multipart_uploads_bucket_id_fkey; Type: FK CONSTRAINT; Schema: storage; Owner: -
--

ALTER TABLE ONLY storage.s3_multipart_uploads
    ADD CONSTRAINT s3_multipart_uploads_bucket_id_fkey FOREIGN KEY (bucket_id) REFERENCES storage.buckets(id);


--
-- Name: s3_multipart_uploads_parts s3_multipart_uploads_parts_bucket_id_fkey; Type: FK CONSTRAINT; Schema: storage; Owner: -
--

ALTER TABLE ONLY storage.s3_multipart_uploads_parts
    ADD CONSTRAINT s3_multipart_uploads_parts_bucket_id_fkey FOREIGN KEY (bucket_id) REFERENCES storage.buckets(id);


--
-- Name: s3_multipart_uploads_parts s3_multipart_uploads_parts_upload_id_fkey; Type: FK CONSTRAINT; Schema: storage; Owner: -
--

ALTER TABLE ONLY storage.s3_multipart_uploads_parts
    ADD CONSTRAINT s3_multipart_uploads_parts_upload_id_fkey FOREIGN KEY (upload_id) REFERENCES storage.s3_multipart_uploads(id) ON DELETE CASCADE;


--
-- Name: vector_indexes vector_indexes_bucket_id_fkey; Type: FK CONSTRAINT; Schema: storage; Owner: -
--

ALTER TABLE ONLY storage.vector_indexes
    ADD CONSTRAINT vector_indexes_bucket_id_fkey FOREIGN KEY (bucket_id) REFERENCES storage.buckets_vectors(id);


--
-- Name: audit_log_entries; Type: ROW SECURITY; Schema: auth; Owner: -
--

ALTER TABLE auth.audit_log_entries ENABLE ROW LEVEL SECURITY;

--
-- Name: flow_state; Type: ROW SECURITY; Schema: auth; Owner: -
--

ALTER TABLE auth.flow_state ENABLE ROW LEVEL SECURITY;

--
-- Name: identities; Type: ROW SECURITY; Schema: auth; Owner: -
--

ALTER TABLE auth.identities ENABLE ROW LEVEL SECURITY;

--
-- Name: instances; Type: ROW SECURITY; Schema: auth; Owner: -
--

ALTER TABLE auth.instances ENABLE ROW LEVEL SECURITY;

--
-- Name: mfa_amr_claims; Type: ROW SECURITY; Schema: auth; Owner: -
--

ALTER TABLE auth.mfa_amr_claims ENABLE ROW LEVEL SECURITY;

--
-- Name: mfa_challenges; Type: ROW SECURITY; Schema: auth; Owner: -
--

ALTER TABLE auth.mfa_challenges ENABLE ROW LEVEL SECURITY;

--
-- Name: mfa_factors; Type: ROW SECURITY; Schema: auth; Owner: -
--

ALTER TABLE auth.mfa_factors ENABLE ROW LEVEL SECURITY;

--
-- Name: one_time_tokens; Type: ROW SECURITY; Schema: auth; Owner: -
--

ALTER TABLE auth.one_time_tokens ENABLE ROW LEVEL SECURITY;

--
-- Name: refresh_tokens; Type: ROW SECURITY; Schema: auth; Owner: -
--

ALTER TABLE auth.refresh_tokens ENABLE ROW LEVEL SECURITY;

--
-- Name: saml_providers; Type: ROW SECURITY; Schema: auth; Owner: -
--

ALTER TABLE auth.saml_providers ENABLE ROW LEVEL SECURITY;

--
-- Name: saml_relay_states; Type: ROW SECURITY; Schema: auth; Owner: -
--

ALTER TABLE auth.saml_relay_states ENABLE ROW LEVEL SECURITY;

--
-- Name: schema_migrations; Type: ROW SECURITY; Schema: auth; Owner: -
--

ALTER TABLE auth.schema_migrations ENABLE ROW LEVEL SECURITY;

--
-- Name: sessions; Type: ROW SECURITY; Schema: auth; Owner: -
--

ALTER TABLE auth.sessions ENABLE ROW LEVEL SECURITY;

--
-- Name: sso_domains; Type: ROW SECURITY; Schema: auth; Owner: -
--

ALTER TABLE auth.sso_domains ENABLE ROW LEVEL SECURITY;

--
-- Name: sso_providers; Type: ROW SECURITY; Schema: auth; Owner: -
--

ALTER TABLE auth.sso_providers ENABLE ROW LEVEL SECURITY;

--
-- Name: users; Type: ROW SECURITY; Schema: auth; Owner: -
--

ALTER TABLE auth.users ENABLE ROW LEVEL SECURITY;

--
-- Name: messages; Type: ROW SECURITY; Schema: realtime; Owner: -
--

ALTER TABLE realtime.messages ENABLE ROW LEVEL SECURITY;

--
-- Name: buckets; Type: ROW SECURITY; Schema: storage; Owner: -
--

ALTER TABLE storage.buckets ENABLE ROW LEVEL SECURITY;

--
-- Name: buckets_analytics; Type: ROW SECURITY; Schema: storage; Owner: -
--

ALTER TABLE storage.buckets_analytics ENABLE ROW LEVEL SECURITY;

--
-- Name: buckets_vectors; Type: ROW SECURITY; Schema: storage; Owner: -
--

ALTER TABLE storage.buckets_vectors ENABLE ROW LEVEL SECURITY;

--
-- Name: migrations; Type: ROW SECURITY; Schema: storage; Owner: -
--

ALTER TABLE storage.migrations ENABLE ROW LEVEL SECURITY;

--
-- Name: objects; Type: ROW SECURITY; Schema: storage; Owner: -
--

ALTER TABLE storage.objects ENABLE ROW LEVEL SECURITY;

--
-- Name: s3_multipart_uploads; Type: ROW SECURITY; Schema: storage; Owner: -
--

ALTER TABLE storage.s3_multipart_uploads ENABLE ROW LEVEL SECURITY;

--
-- Name: s3_multipart_uploads_parts; Type: ROW SECURITY; Schema: storage; Owner: -
--

ALTER TABLE storage.s3_multipart_uploads_parts ENABLE ROW LEVEL SECURITY;

--
-- Name: vector_indexes; Type: ROW SECURITY; Schema: storage; Owner: -
--

ALTER TABLE storage.vector_indexes ENABLE ROW LEVEL SECURITY;

--
-- Name: supabase_realtime; Type: PUBLICATION; Schema: -; Owner: -
--

CREATE PUBLICATION supabase_realtime WITH (publish = 'insert, update, delete, truncate');


--
-- Name: issue_graphql_placeholder; Type: EVENT TRIGGER; Schema: -; Owner: -
--

CREATE EVENT TRIGGER issue_graphql_placeholder ON sql_drop
         WHEN TAG IN ('DROP EXTENSION')
   EXECUTE FUNCTION extensions.set_graphql_placeholder();


--
-- Name: issue_pg_cron_access; Type: EVENT TRIGGER; Schema: -; Owner: -
--

CREATE EVENT TRIGGER issue_pg_cron_access ON ddl_command_end
         WHEN TAG IN ('CREATE EXTENSION')
   EXECUTE FUNCTION extensions.grant_pg_cron_access();


--
-- Name: issue_pg_graphql_access; Type: EVENT TRIGGER; Schema: -; Owner: -
--

CREATE EVENT TRIGGER issue_pg_graphql_access ON ddl_command_end
         WHEN TAG IN ('CREATE FUNCTION')
   EXECUTE FUNCTION extensions.grant_pg_graphql_access();


--
-- Name: issue_pg_net_access; Type: EVENT TRIGGER; Schema: -; Owner: -
--

CREATE EVENT TRIGGER issue_pg_net_access ON ddl_command_end
         WHEN TAG IN ('CREATE EXTENSION')
   EXECUTE FUNCTION extensions.grant_pg_net_access();


--
-- Name: pgrst_ddl_watch; Type: EVENT TRIGGER; Schema: -; Owner: -
--

CREATE EVENT TRIGGER pgrst_ddl_watch ON ddl_command_end
   EXECUTE FUNCTION extensions.pgrst_ddl_watch();


--
-- Name: pgrst_drop_watch; Type: EVENT TRIGGER; Schema: -; Owner: -
--

CREATE EVENT TRIGGER pgrst_drop_watch ON sql_drop
   EXECUTE FUNCTION extensions.pgrst_drop_watch();


--
-- PostgreSQL database dump complete
--

\unrestrict FOwWYAdFL2gAVEDwpb22sCr9AZm0nKW4nVUvsCtOvchOhe8624ld2UPn0tGQzqo

